ID_ChEMBL,Ten_Thuoc,SMILES
CHEMBL2,PRAZOSIN,COc1cc2nc(N3CCN(C(=O)c4ccco4)CC3)nc(N)c2cc1OC
CHEMBL3,NICOTINE,CN1CCC[C@H]1c1cccnc1
CHEMBL4,OFLOXACIN,CC1COc2c(N3CCN(C)CC3)c(F)cc3c(=O)c(C(=O)O)cn1c23
CHEMBL5,NALIDIXIC ACID,CCn1cc(C(=O)O)c(=O)c2ccc(C)nc21
CHEMBL6,INDOMETHACIN,COc1ccc2c(c1)c(CC(=O)O)c(C)n2C(=O)c1ccc(Cl)cc1
CHEMBL403,SULBACTAM,CC1(C)[C@H](C(=O)O)N2C(=O)C[C@H]2S1(=O)=O
CHEMBL404,TAZOBACTAM,C[C@]1(Cn2ccnn2)[C@H](C(=O)O)N2C(=O)C[C@H]2S1(=O)=O
CHEMBL8,CIPROFLOXACIN,O=C(O)c1cn(C2CC2)c2cc(N3CCNCC3)c(F)cc2c1=O
CHEMBL9,NORFLOXACIN,CCn1cc(C(=O)O)c(=O)c2cc(F)c(N3CCNCC3)cc21
CHEMBL405,AMPHETAMINE,CC(N)Cc1ccccc1
CHEMBL6622,ISOSORBIDE DINITRATE,O=[N+]([O-])O[C@H]1CO[C@H]2[C@@H]1OC[C@H]2O[N+](=O)[O-]
CHEMBL6437,MIANSERIN,CN1CCN2c3ccccc3Cc3ccccc3C2C1
CHEMBL11,IMIPRAMINE,CN(C)CCCN1c2ccccc2CCc2ccccc21
CHEMBL406,INDAPAMIDE,CC1Cc2ccccc2N1NC(=O)c1ccc(Cl)c(S(N)(=O)=O)c1
CHEMBL407,FLUMAZENIL,CCOC(=O)c1ncn2c1CN(C)C(=O)c1cc(F)ccc1-2
CHEMBL408,TROGLITAZONE,Cc1c(C)c2c(c(C)c1O)CCC(C)(COc1ccc(CC3SC(=O)NC3=O)cc1)O2
CHEMBL409,BICALUTAMIDE,CC(O)(CS(=O)(=O)c1ccc(F)cc1)C(=O)Nc1ccc(C#N)c(C(F)(F)F)c1
CHEMBL12,DIAZEPAM,CN1C(=O)CN=C(c2ccccc2)c2cc(Cl)ccc21
CHEMBL13,METOPROLOL,COCCc1ccc(OCC(O)CNC(C)C)cc1
CHEMBL411,DIETHYLSTILBESTROL,CC/C(=C(/CC)c1ccc(O)cc1)c1ccc(O)cc1
CHEMBL267936,MECAMYLAMINE,CNC1(C)C2CCC(C2)C1(C)C
CHEMBL14,CARBACHOL,C[N+](C)(C)CCOC(N)=O.[Cl-]
CHEMBL16,PHENYTOIN,O=C1NC(=O)C(c2ccccc2)(c2ccccc2)N1
CHEMBL413,SIROLIMUS,CO[C@H]1C[C@@H]2CC[C@@H](C)[C@@](O)(O2)C(=O)C(=O)N2CCCC[C@H]2C(=O)O[C@H]([C@H](C)C[C@@H]2CC[C@@H](O)[C@H](OC)C2)CC(=O)[C@H](C)/C=C(\C)[C@@H](O)[C@@H](OC)C(=O)[C@H](C)C[C@H](C)/C=C/C=C/C=C/1C
CHEMBL269732,TACROLIMUS ANHYDROUS,C=CC[C@@H]1/C=C(\C)C[C@H](C)C[C@H](OC)[C@H]2O[C@@](O)(C(=O)C(=O)N3CCCC[C@H]3C(=O)O[C@H](/C(C)=C/[C@@H]3CC[C@@H](O)[C@H](OC)C3)[C@H](C)[C@@H](O)CC1=O)[C@H](C)C[C@@H]2OC
CHEMBL415,CLOMIPRAMINE,CN(C)CCCN1c2ccccc2CCc2ccc(Cl)cc21
CHEMBL416,METHOXSALEN,COc1c2occc2cc2ccc(=O)oc12
CHEMBL17,DICHLORPHENAMIDE,NS(=O)(=O)c1cc(Cl)c(Cl)c(S(N)(=O)=O)c1
CHEMBL18,ETHOXZOLAMIDE,CCOc1ccc2nc(S(N)(=O)=O)sc2c1
CHEMBL417,EPIRUBICIN,COc1cccc2c1C(=O)c1c(O)c3c(c(O)c1C2=O)C[C@@](O)(C(=O)CO)C[C@@H]3O[C@H]1C[C@H](N)[C@@H](O)[C@H](C)O1
CHEMBL19,METHAZOLAMIDE,CC(=O)/N=c1/sc(S(N)(=O)=O)nn1C
CHEMBL20,ACETAZOLAMIDE,CC(=O)Nc1nnc(S(N)(=O)=O)s1
CHEMBL419,MAFENIDE,NCc1ccc(S(N)(=O)=O)cc1
CHEMBL21,SULFANILAMIDE,Nc1ccc(S(N)(=O)=O)cc1
CHEMBL420,GUANABENZ,N=C(N)N/N=C/c1c(Cl)cccc1Cl
CHEMBL22,TRIMETHOPRIM,COc1cc(Cc2cnc(N)nc2N)cc(OC)c1OC
CHEMBL6966,VERAPAMIL,COc1ccc(CCN(C)CCCC(C#N)(c2ccc(OC)c(OC)c2)C(C)C)cc1OC
CHEMBL421,SULFASALAZINE,O=C(O)c1cc(/N=N/c2ccc(S(=O)(=O)Nc3ccccn3)cc2)ccc1O
CHEMBL6466,COUMARIN,O=c1ccc2ccccc2o1
CHEMBL23,DILTIAZEM,COc1ccc([C@@H]2Sc3ccccc3N(CCN(C)C)C(=O)[C@@H]2OC(C)=O)cc1
CHEMBL24,ATENOLOL,CC(C)NCC(O)COc1ccc(CC(N)=O)cc1
CHEMBL25,ASPIRIN,CC(=O)Oc1ccccc1C(=O)O
CHEMBL422,TRIFLUOPERAZINE,CN1CCN(CCCN2c3ccccc3Sc3ccc(C(F)(F)F)cc32)CC1
CHEMBL423,BETAXOLOL,CC(C)NCC(O)COc1ccc(CCOCC2CC2)cc1
CHEMBL425,OLSALAZINE,O=C(O)c1cc(/N=N/c2ccc(O)c(C(=O)O)c2)ccc1O
CHEMBL27,PROPRANOLOL,CC(C)NCC(O)COc1cccc2ccccc12
CHEMBL6995,PRACTOLOL,CC(=O)Nc1ccc(OCC(O)CNC(C)C)cc1
CHEMBL427,MECHLORETHAMINE,CN(CCCl)CCCl
CHEMBL29,PENICILLIN G,CC1(C)S[C@@H]2[C@H](NC(=O)Cc3ccccc3)C(=O)N2[C@H]1C(=O)O
CHEMBL428,TROVAFLOXACIN,N[C@@H]1[C@H]2CN(c3nc4c(cc3F)c(=O)c(C(=O)O)cn4-c3ccc(F)cc3F)C[C@@H]12
CHEMBL30,CIMETIDINE,CN/C(=N\CCSCc1nc[nH]c1C)NC#N
CHEMBL31,GATIFLOXACIN,COc1c(N2CCNC(C)C2)c(F)cc2c(=O)c(C(=O)O)cn(C3CC3)c12
CHEMBL429,LABETALOL,CC(CCc1ccccc1)NCC(O)c1ccc(O)c(C(N)=O)c1
CHEMBL32,MOXIFLOXACIN,COc1c(N2C[C@@H]3CCCN[C@@H]3C2)c(F)cc2c(=O)c(C(=O)O)cn(C3CC3)c12
CHEMBL33,LEVOFLOXACIN ANHYDROUS,C[C@H]1COc2c(N3CCN(C)CC3)c(F)cc3c(=O)c(C(=O)O)cn1c23
CHEMBL430,GEMIFLOXACIN,CO/N=C1\CN(c2nc3c(cc2F)c(=O)c(C(=O)O)cn3C2CC2)CC1CN
CHEMBL431,SPIRAPRIL,CCOC(=O)[C@H](CCc1ccccc1)N[C@@H](C)C(=O)N1CC2(C[C@H]1C(=O)O)SCCS2
CHEMBL433,VALPROATE SODIUM,CCCC(CCC)C(=O)[O-].[Na+]
CHEMBL434,ISOPROTERENOL,CC(C)NCC(O)c1ccc(O)c(O)c1
CHEMBL435,HYDROCHLOROTHIAZIDE,NS(=O)(=O)c1cc2c(cc1Cl)NCNS2(=O)=O
CHEMBL35,FUROSEMIDE,NS(=O)(=O)c1cc(C(=O)O)c(NCc2ccco2)cc1Cl
CHEMBL36,PYRIMETHAMINE,CCc1nc(N)nc(N)c1-c1ccc(Cl)cc1
CHEMBL436,TOLRESTAT,COc1ccc2c(C(=S)N(C)CC(=O)O)cccc2c1C(F)(F)F
CHEMBL437,SULFATHIAZOLE,Nc1ccc(S(=O)(=O)Nc2nccs2)cc1
CHEMBL438,SULFAMERAZINE,Cc1ccnc(NS(=O)(=O)c2ccc(N)cc2)n1
CHEMBL439,SULFADIAZINE,Nc1ccc(S(=O)(=O)Nc2ncccn2)cc1
CHEMBL440,THIAMYLAL,C=CCC1(C(C)CCC)C(=O)NC(=S)NC1=O
CHEMBL441,THIOPENTAL,CCCC(C)C1(CC)C(=O)NC(=S)NC1=O
CHEMBL268164,CYCLOBARBITAL,CCC1(C2=CCCCC2)C(=O)NC(=O)NC1=O
CHEMBL442,ERGOTAMINE,CN1C[C@H](C(=O)N[C@]2(C)O[C@@]3(O)[C@@H]4CCCN4C(=O)[C@H](Cc4ccccc4)N3C2=O)C=C2c3cccc4[nH]cc(c34)C[C@H]21
CHEMBL38,TRETINOIN,CC1=C(/C=C/C(C)=C/C=C/C(C)=C/C(=O)O)C(C)(C)CCC1
CHEMBL7413,METHOHEXITAL,C=CCC1(C(C)C#CCC)C(=O)NC(=O)N(C)C1=O
CHEMBL40,PHENOBARBITAL,CCC1(c2ccccc2)C(=O)NC(=O)NC1=O
CHEMBL41,FLUOXETINE,CNCCC(Oc1ccc(C(F)(F)F)cc1)c1ccccc1
CHEMBL443,SULFAMETHOXAZOLE,Cc1cc(NS(=O)(=O)c2ccc(N)cc2)no1
CHEMBL42,CLOZAPINE,CN1CCN(C2=Nc3cc(Cl)ccc3Nc3ccccc32)CC1
CHEMBL445,NORTRIPTYLINE,CNCCC=C1c2ccccc2CCc2ccccc21
CHEMBL446,SULFAMETHAZINE,Cc1cc(C)nc(NS(=O)(=O)c2ccc(N)cc2)n1
CHEMBL447,SECOBARBITAL,C=CCC1(C(C)CCC)C(=O)NC(=O)NC1=O
CHEMBL448,PENTOBARBITAL,CCCC(C)C1(CC)C(=O)NC(=O)NC1=O
CHEMBL7568,QUINACRINE,CCN(CC)CCCC(C)Nc1c2ccc(Cl)cc2nc2ccc(OC)cc12
CHEMBL267894,AMOBARBITAL,CCC1(CCC(C)C)C(=O)NC(=O)NC1=O
CHEMBL7728,HEXOBARBITAL,CN1C(=O)NC(=O)C(C)(C2=CCCCC2)C1=O
CHEMBL449,BUTABARBITAL,CCC(C)C1(CC)C(=O)NC(=O)NC1=O
CHEMBL7863,APROBARBITAL,C=CCC1(C(C)C)C(=O)NC(=O)NC1=O
CHEMBL450,METHARBITAL,CCC1(CC)C(=O)NC(=O)N(C)C1=O
CHEMBL451,CHLORDIAZEPOXIDE,CNC1=Nc2ccc(Cl)cc2C(c2ccccc2)=[N+]([O-])C1
CHEMBL266349,MELAGATRAN,N=C(N)c1ccc(CNC(=O)[C@@H]2CCN2C(=O)[C@H](NCC(=O)O)C2CCCCC2)cc1
CHEMBL452,CLONAZEPAM,O=C1CN=C(c2ccccc2Cl)c2cc([N+](=O)[O-])ccc2N1
CHEMBL453,SULFISOXAZOLE,Cc1noc(NS(=O)(=O)c2ccc(N)cc2)c1C
CHEMBL268869,SULFAMETHOXYPYRIDAZINE,COc1ccc(NS(=O)(=O)c2ccc(N)cc2)nn1
CHEMBL454,BUTALBITAL,C=CCC1(CC(C)C)C(=O)NC(=O)NC1=O
CHEMBL455,SULFACETAMIDE,CC(=O)NS(=O)(=O)c1ccc(N)cc1
CHEMBL43,AMSACRINE,COc1cc(NS(C)(=O)=O)ccc1Nc1c2ccccc2nc2ccccc12
CHEMBL456,ETHACRYNIC ACID,C=C(CC)C(=O)c1ccc(OCC(=O)O)c(Cl)c1Cl
CHEMBL267744,TICRYNAFEN,O=C(O)COc1ccc(C(=O)c2cccs2)c(Cl)c1Cl
CHEMBL457,GEMFIBROZIL,Cc1ccc(C)c(OCCCC(C)(C)C(=O)O)c1
CHEMBL45,MELATONIN,COc1ccc2[nH]cc(CCNC(C)=O)c2c1
CHEMBL46,ONDANSETRON,Cc1nccn1CC1CCc2c(c3ccccc3n2C)C1=O
CHEMBL49,BUSPIRONE,O=C1CC2(CCCC2)CC(=O)N1CCCCN1CCN(c2ncccn2)CC1
CHEMBL459,METHYLDOPA,C[C@](N)(Cc1ccc(O)c(O)c1)C(=O)O
CHEMBL460,MOLINDONE,CCc1c(C)[nH]c2c1C(=O)C(CN1CCOCC1)CC2
CHEMBL53,APOMORPHINE,CN1CCc2cccc3c2[C@H]1Cc1ccc(O)c(O)c1-3
CHEMBL54,HALOPERIDOL,O=C(CCCN1CCC(O)(c2ccc(Cl)cc2)CC1)c1ccc(F)cc1
CHEMBL55,PENTAMIDINE,N=C(N)c1ccc(OCCCCCOc2ccc(C(=N)N)cc2)cc1
CHEMBL463,AMINOHIPPURIC ACID,Nc1ccc(C(=O)NCC(=O)O)cc1
CHEMBL464,ETRETINATE,CCOC(=O)/C=C(C)/C=C/C=C(C)/C=C/c1c(C)cc(OC)c(C)c1C
CHEMBL57,NEVIRAPINE,Cc1ccnc2c1NC(=O)c1cccnc1N2C1CC1
CHEMBL465,DRONABINOL,CCCCCc1cc(O)c2c(c1)OC(C)(C)[C@@H]1CCC(C)=C[C@@H]21
CHEMBL58,MITOXANTRONE,O=C1c2c(O)ccc(O)c2C(=O)c2c(NCCNCCO)ccc(NCCNCCO)c21
CHEMBL59,DOPAMINE,NCCc1ccc(O)c(O)c1
CHEMBL467,HYDROXYUREA,NC(=O)NO
CHEMBL61,PODOFILOX,COc1cc([C@@H]2c3cc4c(cc3[C@H](O)[C@H]3COC(=O)[C@H]23)OCO4)cc(OC)c1OC
CHEMBL64,ISONIAZID,NNC(=O)c1ccncc1
CHEMBL468,THALIDOMIDE,O=C1CCC(N2C(=O)c3ccccc3C2=O)C(=O)N1
CHEMBL469,KETOROLAC,O=C(c1ccccc1)c1ccc2n1CCC2C(=O)O
CHEMBL471,SOTALOL,CC(C)NCC(O)c1ccc(NS(C)(=O)=O)cc1
CHEMBL472,GLYBURIDE,COc1ccc(Cl)cc1C(=O)NCCc1ccc(S(=O)(=O)NC(=O)NC2CCCCC2)cc1
CHEMBL9225,HEXESTROL,CC[C@H](c1ccc(O)cc1)[C@@H](CC)c1ccc(O)cc1
CHEMBL473,DOFETILIDE,CN(CCOc1ccc(NS(C)(=O)=O)cc1)CCc1ccc(NS(C)(=O)=O)cc1
CHEMBL476,DACARBAZINE,CN(C)/N=N/c1[nH]cnc1C(N)=O
CHEMBL477,ADENOSINE,Nc1ncnc2c1ncn2[C@@H]1O[C@H](CO)[C@@H](O)[C@H]1O
CHEMBL479,THIORIDAZINE,CSc1ccc2c(c1)N(CCC1CCCCN1C)c1ccccc1S2
CHEMBL480,LANSOPRAZOLE,Cc1c(OCC(F)(F)F)ccnc1C[S+]([O-])c1nc2ccccc2[nH]1
CHEMBL481,IRINOTECAN,CCc1c2c(nc3ccc(OC(=O)N4CCC(N5CCCCC5)CC4)cc13)-c1cc3c(c(=O)n1C2)COC(=O)[C@]3(O)CC
CHEMBL70,MORPHINE,CN1CC[C@]23c4c5ccc(O)c4O[C@H]2[C@@H](O)C=C[C@H]3[C@H]1C5
CHEMBL485,CODEINE,COc1ccc2c3c1O[C@H]1[C@@H](O)C=C[C@H]4[C@@H](C2)N(C)CC[C@@]341
CHEMBL71,CHLORPROMAZINE,CN(C)CCCN1c2ccccc2Sc2ccc(Cl)cc21
CHEMBL72,DESIPRAMINE,CNCCCN1c2ccccc2CCc2ccccc21
CHEMBL488,AMINOGLUTETHIMIDE,CCC1(c2ccc(N)cc2)CCC(=O)NC1=O
CHEMBL74,CROMOLYN SODIUM,O=C([O-])c1cc(=O)c2c(OCC(O)COc3cccc4oc(C(=O)[O-])cc(=O)c34)cccc2o1.[Na+].[Na+]
CHEMBL76,CHLOROQUINE,CCN(CC)CCCC(C)Nc1ccnc2cc(Cl)ccc12
CHEMBL490,PAROXETINE,Fc1ccc([C@@H]2CCNC[C@H]2COc2ccc3c(c2)OCO3)cc1
CHEMBL416146,ETORICOXIB,Cc1ccc(-c2ncc(Cl)cc2-c2ccc(S(C)(=O)=O)cc2)cn1
CHEMBL79,LIDOCAINE,CCN(CC)CC(=O)Nc1c(C)cccc1C
CHEMBL492,ETIDOCAINE,CCCN(CC)C(CC)C(=O)Nc1c(C)cccc1C
CHEMBL80,NALOXONE,C=CCN1CC[C@]23c4c5ccc(O)c4O[C@H]2C(=O)CC[C@@]3(O)[C@H]1C5
CHEMBL81,RALOXIFENE,O=C(c1ccc(OCCN2CCCCC2)cc1)c1c(-c2ccc(O)cc2)sc2cc(O)ccc12
CHEMBL83,TAMOXIFEN,CC/C(=C(\c1ccccc1)c1ccc(OCCN(C)C)cc1)c1ccccc1
CHEMBL493,BROMOCRIPTINE,CC(C)C[C@H]1C(=O)N2CCC[C@H]2[C@]2(O)O[C@](NC(=O)[C@@H]3C=C4c5cccc6[nH]c(Br)c(c56)C[C@H]4N(C)C3)(C(C)C)C(=O)N12
CHEMBL494,ILOPROST,CC#CCC(C)[C@H](O)/C=C/[C@@H]1[C@H]2C/C(=C/CCCC(=O)O)C[C@H]2C[C@H]1O
CHEMBL84,TOPOTECAN,CC[C@@]1(O)C(=O)OCc2c1cc1n(c2=O)Cc2cc3c(CN(C)C)c(O)ccc3nc2-1
CHEMBL85,RISPERIDONE,Cc1nc2n(c(=O)c1CCN1CCC(c3noc4cc(F)ccc34)CC1)CCCC2
CHEMBL428880,CROMOLYN,O=C(O)c1cc(=O)c2c(OCC(O)COc3cccc4oc(C(=O)O)cc(=O)c34)cccc2o1
CHEMBL86,METOCLOPRAMIDE,CCN(CC)CCNC(=O)c1cc(Cl)c(N)cc1OC
CHEMBL428647,PACLITAXEL,CC(=O)O[C@H]1C(=O)[C@@]2(C)[C@H]([C@H](OC(=O)c3ccccc3)[C@]3(O)C[C@H](OC(=O)[C@H](O)[C@@H](NC(=O)c4ccccc4)c4ccccc4)C(C)=C1C3(C)C)[C@]1(OC(C)=O)CO[C@@H]1C[C@@H]2O
CHEMBL495,ALPROSTADIL,CCCCC[C@H](O)/C=C/[C@H]1[C@H](O)CC(=O)[C@@H]1CCCCCCC(=O)O
CHEMBL496,HEXACHLOROPHENE,Oc1c(Cl)cc(Cl)c(Cl)c1Cc1c(O)c(Cl)cc(Cl)c1Cl
CHEMBL497,CLIOQUINOL,Oc1c(I)cc(Cl)c2cccnc12
CHEMBL10878,AGOMELATINE,COc1ccc2cccc(CCNC(C)=O)c2c1
CHEMBL88,CYCLOPHOSPHAMIDE ANHYDROUS,O=P1(N(CCCl)CCCl)NCCCO1
CHEMBL498,CHLORPROPAMIDE,CCCNC(=O)NS(=O)(=O)c1ccc(Cl)cc1
CHEMBL499,TIMOLOL,CC(C)(C)NC[C@H](O)COc1nsnc1N1CCOCC1
CHEMBL500,PINDOLOL,CC(C)NCC(O)COc1cccc2[nH]ccc12
CHEMBL276832,HYDRALAZINE,NNc1nncc2ccccc12
CHEMBL501,AMPHETAMINE SULFATE,CC(N)Cc1ccccc1.O=S(=O)(O)O
CHEMBL267345,AMPHOTERICIN B,C[C@@H]1[C@H](O)[C@@H](C)/C=C/C=C/C=C/C=C/C=C/C=C/C=C/[C@H](O[C@@H]2O[C@H](C)[C@@H](O)[C@H](N)[C@@H]2O)C[C@@H]2O[C@](O)(C[C@@H](O)C[C@@H](O)[C@H](O)CC[C@@H](O)C[C@@H](O)CC(=O)O[C@H]1C)C[C@H](O)[C@H]2C(=O)O
CHEMBL90,HISTAMINE,NCCc1c[nH]cn1
CHEMBL91,MICONAZOLE,Clc1ccc(COC(Cn2ccnc2)c2ccc(Cl)cc2Cl)c(Cl)c1
CHEMBL92,DOCETAXEL ANHYDROUS,CC(=O)O[C@@]12CO[C@@H]1C[C@H](O)[C@@]1(C)C(=O)[C@H](O)C3=C(C)[C@@H](OC(=O)[C@H](O)[C@@H](NC(=O)OC(C)(C)C)c4ccccc4)C[C@@](O)([C@@H](OC(=O)c4ccccc4)[C@H]21)C3(C)C
CHEMBL93,ZILEUTON,CC(c1cc2ccccc2s1)N(O)C(N)=O
CHEMBL95,TACRINE,Nc1c2c(nc3ccccc13)CCCC2
CHEMBL502,DONEPEZIL,COc1cc2c(cc1OC)C(=O)C(CC1CCN(Cc3ccccc3)CC1)C2
CHEMBL503,LOVASTATIN,CC[C@H](C)C(=O)O[C@H]1C[C@@H](C)C=C2C=C[C@H](C)[C@H](CC[C@@H]3C[C@@H](O)CC(=O)O3)[C@H]21
CHEMBL11662,OZAGREL,O=C(O)/C=C/c1ccc(Cn2ccnc2)cc1
CHEMBL269644,ACETANILIDE,CC(=O)Nc1ccccc1
CHEMBL504,DIMETHYL SULFOXIDE,C[S+](C)[O-]
CHEMBL505,CHLORPHENIRAMINE,CN(C)CCC(c1ccc(Cl)cc1)c1ccccn1
CHEMBL506,PRIMAQUINE,COc1cc(NC(C)CCCN)c2ncccc2c1
CHEMBL509,MECLOFENAMIC ACID,Cc1ccc(Cl)c(Nc2ccccc2C(=O)O)c1Cl
CHEMBL511,PYRILAMINE,COc1ccc(CN(CCN(C)C)c2ccccn2)cc1
CHEMBL12713,SERTINDOLE,O=C1NCCN1CCN1CCC(c2cn(-c3ccc(F)cc3)c3ccc(Cl)cc23)CC1
CHEMBL513,CARMUSTINE,O=NN(CCCl)C(=O)NCCCl
CHEMBL514,LOMUSTINE,O=NN(CCCl)C(=O)NC1CCCCC1
CHEMBL515,CHLORAMBUCIL,O=C(O)CCCc1ccc(N(CCCl)CCCl)cc1
CHEMBL516,CYPROHEPTADINE,CN1CCC(=C2c3ccccc3C=Cc3ccccc32)CC1
CHEMBL12856,INAMRINONE,Nc1cc(-c2ccncc2)c[nH]c1=O
CHEMBL517,DISOPYRAMIDE,CC(C)N(CCC(C(N)=O)(c1ccccc1)c1ccccn1)C(C)C
CHEMBL98,VORINOSTAT,O=C(CCCCCCC(=O)Nc1ccccc1)NO
CHEMBL521,IBUPROFEN,CC(C)Cc1ccc(C(C)C(=O)O)cc1
CHEMBL13376,CLOMETACIN,COc1ccc2c(C(=O)c3ccc(Cl)cc3)c(C)n(CC(=O)O)c2c1
CHEMBL13280,FLUNITRAZEPAM,CN1C(=O)CN=C(c2ccccc2F)c2cc([N+](=O)[O-])ccc21
CHEMBL524,METHOXAMINE,COc1ccc(OC)c(C(O)C(C)N)c1
CHEMBL526,PROPOFOL,CC(C)c1cccc(C(C)C)c1O
CHEMBL527,PIROXICAM,CN1C(C(=O)Nc2ccccn2)=C(O)c2ccccc2S1(=O)=O
CHEMBL528,CEFTIZOXIME,CO/N=C(\C(=O)N[C@@H]1C(=O)N2C(C(=O)O)=CCS[C@H]12)c1csc(N)n1
CHEMBL101,PHENYLBUTAZONE,CCCCC1C(=O)N(c2ccccc2)N(c2ccccc2)C1=O
CHEMBL529,AZITHROMYCIN,CC[C@H]1OC(=O)[C@H](C)[C@@H](O[C@H]2C[C@@](C)(OC)[C@@H](O)[C@H](C)O2)[C@H](C)[C@@H](O[C@@H]2O[C@H](C)C[C@H](N(C)C)[C@H]2O)[C@](C)(O)C[C@@H](C)CN(C)[C@H](C)[C@@H](O)[C@]1(C)O
CHEMBL530,AMDINOCILLIN,CC1(C)S[C@@H]2[C@H](/N=C/N3CCCCCC3)C(=O)N2[C@H]1C(=O)O
CHEMBL531,PERGOLIDE,CCCN1C[C@H](CSC)C[C@@H]2c3cccc4[nH]cc(c34)C[C@H]21
CHEMBL532,ERYTHROMYCIN,CC[C@H]1OC(=O)[C@H](C)[C@@H](O[C@H]2C[C@@](C)(OC)[C@@H](O)[C@H](C)O2)[C@H](C)[C@@H](O[C@@H]2O[C@H](C)C[C@H](N(C)C)[C@H]2O)[C@](C)(O)C[C@@H](C)C(=O)[C@H](C)[C@@H](O)[C@]1(C)O
CHEMBL533,IBUTILIDE,CCCCCCCN(CC)CCCC(O)c1ccc(NS(C)(=O)=O)cc1
CHEMBL103,PROGESTERONE,CC(=O)[C@H]1CC[C@H]2[C@@H]3CCC4=CC(=O)CC[C@]4(C)[C@H]3CC[C@]12C
CHEMBL534,KETOTIFEN,CN1CCC(=C2c3ccccc3CC(=O)c3sccc32)CC1
CHEMBL535,SUNITINIB,CCN(CC)CCNC(=O)c1c(C)[nH]c(/C=C2\C(=O)Nc3ccc(F)cc32)c1C
CHEMBL537,HYDROQUINONE,Oc1ccc(O)cc1
CHEMBL539,ACETIC ACID,CC(=O)O
CHEMBL14060,PHENOL,Oc1ccccc1
CHEMBL544,MEQUINOL,COc1ccc(O)cc1
CHEMBL104,CLOTRIMAZOLE,Clc1ccccc1C(c1ccccc1)(c1ccccc1)n1ccnc1
CHEMBL105,MITOMYCIN,CO[C@@]12[C@H](COC(N)=O)C3=C(C(=O)C(C)=C(N)C3=O)N1C[C@@H]1N[C@@H]12
CHEMBL545,ALCOHOL,CCO
CHEMBL546,OXPRENOLOL,C=CCOc1ccccc1OCC(O)CNC(C)C
CHEMBL106,FLUCONAZOLE,OC(Cn1cncn1)(Cn1cncn1)c1ccc(F)cc1F
CHEMBL547,ISOTRETINOIN,CC1=C(/C=C/C(C)=C/C=C/C(C)=C\C(=O)O)C(C)(C)CCC1
CHEMBL14376,ILOPERIDONE,COc1cc(C(C)=O)ccc1OCCCN1CCC(c2noc3cc(F)ccc23)CC1
CHEMBL548,DINOPROSTONE,CCCCC[C@H](O)/C=C/[C@H]1[C@H](O)CC(=O)[C@@H]1C/C=C\CCCC(=O)O
CHEMBL278020,NEOSTIGMINE,CN(C)C(=O)Oc1cccc([N+](C)(C)C)c1
CHEMBL14370,REBOXETINE,CCOc1ccccc1OC(c1ccccc1)C1CNCCO1
CHEMBL549,CITALOPRAM,CN(C)CCCC1(c2ccc(F)cc2)OCc2cc(C#N)ccc21
CHEMBL550,PILOCARPINE,CC[C@@H]1C(=O)OC[C@@H]1Cc1cncn1C
CHEMBL107,COLCHICINE,COc1cc2c(c(OC)c1OC)-c1ccc(OC)c(=O)cc1[C@@H](NC(C)=O)CC2
CHEMBL553,ERLOTINIB,C#Cc1cccc(Nc2ncnc3cc(OCCOC)c(OCCOC)cc23)c1
CHEMBL554,LAPATINIB,CS(=O)(=O)CCNCc1ccc(-c2ccc3ncnc(Nc4ccc(OCc5cccc(F)c5)c(Cl)c4)c3c2)o1
CHEMBL108,CARBAMAZEPINE,NC(=O)N1c2ccccc2C=Cc2ccccc21
CHEMBL109,VALPROIC ACID,CCCC(CCC)C(=O)O
CHEMBL277100,TEMAFLOXACIN,CC1CN(c2cc3c(cc2F)c(=O)c(C(=O)O)cn3-c2ccc(F)cc2F)CCN1
CHEMBL110,BENZNIDAZOLE,O=C(Cn1ccnc1[N+](=O)[O-])NCc1ccccc1
CHEMBL556,DEFEROXAMINE,CC(=O)N(O)CCCCCNC(=O)CCC(=O)N(O)CCCCCNC(=O)CCC(=O)N(O)CCCCCN
CHEMBL558,MEXILETINE,Cc1cccc(C)c1OCC(C)N
CHEMBL559,DEXTROTHYROXINE,N[C@H](Cc1cc(I)c(Oc2cc(I)c(O)c(I)c2)c(I)c1)C(=O)O
CHEMBL111,RIMONABANT,Cc1c(C(=O)NN2CCCCC2)nn(-c2ccc(Cl)cc2Cl)c1-c1ccc(Cl)cc1
CHEMBL273575,NOMIFENSINE,CN1Cc2c(N)cccc2C(c2ccccc2)C1
CHEMBL561,LOMEFLOXACIN,CCn1cc(C(=O)O)c(=O)c2cc(F)c(N3CCNC(C)C3)c(F)c21
CHEMBL562,GRISEOFULVIN,COC1=CC(=O)C[C@@H](C)[C@]12Oc1c(Cl)c(OC)cc(OC)c1C2=O
CHEMBL563,FLURBIPROFEN,CC(C(=O)O)c1ccc(-c2ccccc2)c(F)c1
CHEMBL564,PROMAZINE,CN(C)CCCN1c2ccccc2Sc2ccccc21
CHEMBL565,CLOFIBRATE,CCOC(=O)C(C)(C)Oc1ccc(Cl)cc1
CHEMBL112,ACETAMINOPHEN,CC(=O)Nc1ccc(O)cc1
CHEMBL113,CAFFEINE,Cn1c(=O)c2c(ncn2C)n(C)c1=O
CHEMBL16073,PHENACETIN,CCOc1ccc(NC(C)=O)cc1
CHEMBL567,PERPHENAZINE,OCCN1CCN(CCCN2c3ccccc3Sc3ccc(Cl)cc32)CC1
CHEMBL568,OXAZEPAM,O=C1Nc2ccc(Cl)cc2C(c2ccccc2)=NC1O
CHEMBL15770,SULINDAC,CC1=C(CC(=O)O)c2cc(F)ccc2/C1=C\c1ccc([S+](C)[O-])cc1
CHEMBL15677,FENCLOFENAC,O=C(O)Cc1ccccc1Oc1ccc(Cl)cc1Cl
CHEMBL276520,INDALPINE,c1ccc2c(CCC3CCNCC3)c[nH]c2c1
CHEMBL569,PROCAINE,CCN(CC)CCOC(=O)c1ccc(N)cc1
CHEMBL570,TRIFLUPROMAZINE,CN(C)CCCN1c2ccccc2Sc2ccc(C(F)(F)F)cc21
CHEMBL571,KETOPROFEN,CC(C(=O)O)c1cccc(C(=O)c2ccccc2)c1
CHEMBL572,NITROFURANTOIN,O=C1CN(/N=C/c2ccc([N+](=O)[O-])o2)C(=O)N1
CHEMBL15870,INDOPROFEN,CC(C(=O)O)c1ccc(N2Cc3ccccc3C2=O)cc1
CHEMBL15891,LINDANE,Cl[C@H]1[C@H](Cl)[C@@H](Cl)[C@@H](Cl)[C@H](Cl)[C@H]1Cl
CHEMBL573,NIACIN,O=C(O)c1cccnc1
CHEMBL575,METHICILLIN,COc1cccc(OC)c1C(=O)N[C@@H]1C(=O)N2[C@@H]1SC(C)(C)[C@@H]2C(=O)O
CHEMBL16080,TRICHLOROETHANE,CC(Cl)(Cl)Cl
CHEMBL577,ENALAPRILAT ANHYDROUS,C[C@H](N[C@@H](CCc1ccccc1)C(=O)O)C(=O)N1CCC[C@H]1C(=O)O
CHEMBL578,ENALAPRIL,CCOC(=O)[C@H](CCc1ccccc1)N[C@@H](C)C(=O)N1CCC[C@H]1C(=O)O
CHEMBL580,LORAZEPAM,O=C1Nc2ccc(Cl)cc2C(c2ccccc2Cl)=NC1O
CHEMBL582,ISOPROPYL ALCOHOL,CC(C)O
CHEMBL583,GREPAFLOXACIN,Cc1c(F)c(N2CCNC(C)C2)cc2c1c(=O)c(C(=O)O)cn2C1CC1
CHEMBL114,SAQUINAVIR,CC(C)(C)NC(=O)[C@@H]1C[C@@H]2CCCC[C@@H]2CN1C[C@@H](O)[C@H](Cc1ccccc1)NC(=O)[C@H](CC(N)=O)NC(=O)c1ccc2ccccc2n1
CHEMBL115,INDINAVIR ANHYDROUS,CC(C)(C)NC(=O)[C@@H]1CN(Cc2cccnc2)CCN1C[C@@H](O)C[C@@H](Cc1ccccc1)C(=O)N[C@H]1c2ccccc2C[C@H]1O
CHEMBL584,NELFINAVIR,Cc1c(O)cccc1C(=O)N[C@@H](CSc1ccccc1)[C@H](O)CN1C[C@H]2CCCC[C@H]2C[C@H]1C(=O)NC(C)(C)C
CHEMBL116,AMPRENAVIR,CC(C)CN(C[C@@H](O)[C@H](Cc1ccccc1)NC(=O)O[C@H]1CCOC1)S(=O)(=O)c1ccc(N)cc1
CHEMBL585,TRIAMTERENE,Nc1nc(N)c2nc(-c3ccccc3)c(N)nc2n1
CHEMBL16476,PRONETALOL,CC(C)NCC(O)c1ccc2ccccc2c1
CHEMBL118,CELECOXIB,Cc1ccc(-c2cc(C(F)(F)F)nn2-c2ccc(S(N)(=O)=O)cc2)cc1
CHEMBL119,TRIMETREXATE,COc1cc(NCc2ccc3nc(N)nc(N)c3c2C)cc(OC)c1OC
CHEMBL588,FENOLDOPAM,Oc1ccc(C2CNCCc3c2cc(O)c(O)c3Cl)cc1
CHEMBL589,ROPINIROLE,CCCN(CCC)CCc1cccc2c1CC(=O)N2
CHEMBL590,MENADIONE,CC1=CC(=O)c2ccccc2C1=O
CHEMBL591,ETHCHLORVYNOL,C#CC(O)(/C=C/Cl)CC
CHEMBL17157,TERFENADINE,CC(C)(C)c1ccc(C(O)CCCN2CCC(C(O)(c3ccccc3)c3ccccc3)CC2)cc1
CHEMBL592,LEVORPHANOL,CN1CC[C@]23CCCC[C@H]2[C@H]1Cc1ccc(O)cc13
CHEMBL593,DELAVIRDINE,CC(C)Nc1cccnc1N1CCN(C(=O)c2cc3cc(NS(C)(=O)=O)ccc3[nH]2)CC1
CHEMBL594,EMEDASTINE,CCOCCn1c(N2CCCN(C)CC2)nc2ccccc21
CHEMBL595,PIOGLITAZONE,CCc1ccc(CCOc2ccc(CC3SC(=O)NC3=O)cc2)nc1
CHEMBL596,FENTANYL,CCC(=O)N(c1ccccc1)C1CCN(CCc2ccccc2)CC1
CHEMBL121,ROSIGLITAZONE,CN(CCOc1ccc(CC2SC(=O)NC2=O)cc1)c1ccccn1
CHEMBL17879,MARALIXIBAT CHLORIDE,CCCCC1(CCCC)CS(=O)(=O)c2ccc(N(C)C)cc2[C@@H](c2ccc(OCc3ccc(C[N+]45CCN(CC4)CC5)cc3)cc2)[C@H]1O.[Cl-]
CHEMBL17860,LOFEXIDINE,CC(Oc1c(Cl)cccc1Cl)C1=NCCN1
CHEMBL597,PHENTOLAMINE,Cc1ccc(N(CC2=NCCN2)c2cccc(O)c2)cc1
CHEMBL18442,PLERIXAFOR,c1cc(CN2CCCNCCNCCCNCC2)ccc1CN1CCCNCCNCCCNCC1
CHEMBL18116,TOLOXATONE,Cc1cccc(N2CC(CO)OC2=O)c1
CHEMBL599,MELOXICAM,Cc1cnc(NC(=O)C2=C(O)c3ccccc3S(=O)(=O)N2C)s1
CHEMBL600,ACETYLCYSTEINE,CC(=O)N[C@@H](CS)C(=O)O
CHEMBL601,AMINOLEVULINIC ACID,NCC(=O)CCC(=O)O
CHEMBL602,CYSTEAMINE,NCCS
CHEMBL19019,NALTREXONE,O=C1CC[C@@]2(O)[C@H]3Cc4ccc(O)c5c4[C@@]2(CCN3CC2CC2)[C@H]1O5
CHEMBL603,ZAFIRLUKAST,COc1cc(C(=O)NS(=O)(=O)c2ccccc2C)ccc1Cc1cn(C)c2ccc(NC(=O)OC3CCCC3)cc12
CHEMBL276568,"CEFPROZIL ANHYDROUS, (E)-",C/C=C/C1=C(C(=O)O)N2C(=O)[C@@H](NC(=O)[C@H](N)c3ccc(O)cc3)[C@H]2SC1
CHEMBL122,ROFECOXIB,CS(=O)(=O)c1ccc(C2=C(c3ccccc3)C(=O)OC2)cc1
CHEMBL19236,MOXONIDINE,COc1nc(C)nc(Cl)c1NC1=NCCN1
CHEMBL605,PROCAINAMIDE HYDROCHLORIDE,CCN(CC)CCNC(=O)c1ccc(N)cc1.Cl
CHEMBL606,MISOPROSTOL,CCCCC(C)(O)C/C=C/[C@H]1[C@H](O)CC(=O)[C@@H]1CCCCCCC(=O)OC
CHEMBL278623,MACIMORELIN,CC(C)(N)C(=O)N[C@H](Cc1c[nH]c2ccccc12)C(=O)N[C@H](Cc1c[nH]c2ccccc12)NC=O
CHEMBL607,MEPERIDINE,CCOC(=O)C1(c2ccccc2)CCN(C)CC1
CHEMBL282052,METHAQUALONE,Cc1ccccc1-n1c(C)nc2ccccc2c1=O
CHEMBL608,PROBUCOL,CC(C)(Sc1cc(C(C)(C)C)c(O)c(C(C)(C)C)c1)Sc1cc(C(C)(C)C)c(O)c(C(C)(C)C)c1
CHEMBL19299,LOXOPROFEN,CC(C(=O)O)c1ccc(CC2CCCC2=O)cc1
CHEMBL609,TRIENTINE,NCCNCCNCCN
CHEMBL19490,ZOMEPIRAC,Cc1cc(CC(=O)O)n(C)c1C(=O)c1ccc(Cl)cc1
CHEMBL611,TERAZOSIN,COc1cc2nc(N3CCN(C(=O)C4CCCO4)CC3)nc(N)c2cc1OC
CHEMBL19393,LEVAMFETAMINE,C[C@@H](N)Cc1ccccc1
CHEMBL612,DEXTROAMPHETAMINE,C[C@H](N)Cc1ccccc1
CHEMBL282724,SITAXENTAN,Cc1cc2c(cc1CC(=O)c1sccc1S(=O)(=O)Nc1onc(C)c1Cl)OCO2
CHEMBL614,PYRAZINAMIDE,NC(=O)c1cnccn1
CHEMBL19449,IBUDILAST,CC(C)C(=O)c1c(C(C)C)nn2ccccc12
CHEMBL282042,SAQUINAVIR MESYLATE,CC(C)(C)NC(=O)[C@@H]1C[C@@H]2CCCC[C@@H]2CN1C[C@@H](O)[C@H](Cc1ccccc1)NC(=O)[C@H](CC(N)=O)NC(=O)c1ccc2ccccc2n1.CS(=O)(=O)O
CHEMBL615,PENICILLIN V,CC1(C)S[C@@H]2[C@H](NC(=O)COc3ccccc3)C(=O)N2[C@H]1C(=O)O
CHEMBL617,CEPHALOTHIN,CC(=O)OCC1=C(C(=O)O)N2C(=O)[C@@H](NC(=O)Cc3cccs3)[C@H]2SC1
CHEMBL125,MILTEFOSINE,CCCCCCCCCCCCCCCCOP(=O)([O-])OCC[N+](C)(C)C
CHEMBL126,LINEZOLID,CC(=O)NC[C@H]1CN(c2ccc(N3CCOCC3)c(F)c2)C(=O)O1
CHEMBL620,CLIDINIUM,C[N+]12CCC(CC1)C(OC(=O)C(O)(c1ccccc1)c1ccccc1)C2
CHEMBL127,MEROPENEM,C[C@@H](O)[C@H]1C(=O)N2C(C(=O)O)=C(S[C@@H]3CN[C@H](C(=O)N(C)C)C3)[C@H](C)[C@H]12
CHEMBL621,TRAZODONE,O=c1n(CCCN2CCN(c3cccc(Cl)c3)CC2)nc2ccccn12
CHEMBL622,ETODOLAC,CCc1cccc2c3c([nH]c12)C(CC)(CC(=O)O)OCC3
CHEMBL21333,PRANLUKAST,O=C(Nc1cccc2c(=O)cc(-c3nnn[nH]3)oc12)c1ccc(OCCCCc2ccccc2)cc1
CHEMBL623,NEFAZODONE,CCc1nn(CCCN2CCN(c3cccc(Cl)c3)CC2)c(=O)n1CCOc1ccccc1
CHEMBL625,THIABENDAZOLE,c1ccc2[nH]c(-c3cscn3)nc2c1
CHEMBL21536,XANOMELINE,CCCCCCOc1nsnc1C1=CCCN(C)C1
CHEMBL626,NAFTIFINE,CN(C/C=C/c1ccccc1)Cc1cccc2ccccc12
CHEMBL628,PENTOXIFYLLINE,CC(=O)CCCCn1c(=O)c2c(ncn2C)n(C)c1=O
CHEMBL629,AMITRIPTYLINE,CN(C)CCC=C1c2ccccc2CCc2ccccc21
CHEMBL21869,DIBROMSALAN,O=C(Nc1ccc(Br)cc1)c1cc(Br)ccc1O
CHEMBL24944,TRIBROMSALAN,O=C(Nc1ccc(Br)cc1)c1cc(Br)cc(Br)c1O
CHEMBL128,SUMATRIPTAN,CNS(=O)(=O)Cc1ccc2[nH]cc(CCN(C)C)c2c1
CHEMBL631,PROPAFENONE,CCCNCC(O)COc1ccccc1C(=O)CCc1ccccc1
CHEMBL632,BETAMETHASONE,C[C@H]1C[C@H]2[C@@H]3CCC4=CC(=O)C=C[C@]4(C)[C@@]3(F)[C@@H](O)C[C@]2(C)[C@@]1(O)C(=O)CO
CHEMBL633,AMIODARONE,CCCCc1oc2ccccc2c1C(=O)c1cc(I)c(OCCN(CC)CC)c(I)c1
CHEMBL634,ALFENTANIL,CCC(=O)N(c1ccccc1)C1(COC)CCN(CCn2nnn(CC)c2=O)CC1
CHEMBL635,PREDNISONE,C[C@]12C=CC(=O)C=C1CC[C@@H]1[C@@H]2C(=O)C[C@@]2(C)[C@H]1CC[C@]2(O)C(=O)CO
CHEMBL636,RIVASTIGMINE,CCN(C)C(=O)Oc1cccc([C@H](C)N(C)C)c1
CHEMBL637,VENLAFAXINE,COc1ccc(C(CN(C)C)C2(O)CCCCC2)cc1
CHEMBL129,ZIDOVUDINE,Cc1cn([C@H]2C[C@H](N=[N+]=[N-])[C@@H](CO)O2)c(=O)[nH]c1=O
CHEMBL638,VORICONAZOLE,C[C@@H](c1ncncc1F)[C@](O)(Cn1cncn1)c1ccc(F)cc1F
CHEMBL639,AZELASTINE,CN1CCCC(n2nc(Cc3ccc(Cl)cc3)c3ccccc3c2=O)CC1
CHEMBL130,CHLORAMPHENICOL,O=C(N[C@H](CO)[C@H](O)c1ccc([N+](=O)[O-])cc1)C(Cl)Cl
CHEMBL640,PROCAINAMIDE,CCN(CC)CCNC(=O)c1ccc(N)cc1
CHEMBL641,ATOMOXETINE,CNCC[C@@H](Oc1ccccc1C)c1ccccc1
CHEMBL642,ACEBUTOLOL,CCCC(=O)Nc1ccc(OCC(O)CNC(C)C)c(C(C)=O)c1
CHEMBL643,PROMETHAZINE,CC(CN1c2ccccc2Sc2ccccc21)N(C)C
CHEMBL131,PREDNISOLONE,C[C@]12C=CC(=O)C=C1CC[C@@H]1[C@@H]2[C@@H](O)C[C@@]2(C)[C@H]1CC[C@]2(O)C(=O)CO
CHEMBL644,TRIMIPRAMINE,CC(CN(C)C)CN1c2ccccc2CCc2ccccc21
CHEMBL645,BISOPROLOL,CC(C)NCC(O)COc1ccc(COCCOC(C)C)cc1
CHEMBL646,TRIAZOLAM,Cc1nnc2n1-c1ccc(Cl)cc1C(c1ccccc1Cl)=NC2
CHEMBL647,APRACLONIDINE,Nc1cc(Cl)c(N=C2NCCN2)c(Cl)c1
CHEMBL648,CYCLIZINE,CN1CCN(C(c2ccccc2)c2ccccc2)CC1
CHEMBL434394,NEBIVOLOL,OC(CNCC(O)C1CCc2cc(F)ccc2O1)C1CCc2cc(F)ccc2O1
CHEMBL650,METHYLPREDNISOLONE,C[C@H]1C[C@@H]2[C@H]([C@@H](O)C[C@@]3(C)[C@H]2CC[C@]3(O)C(=O)CO)[C@@]2(C)C=CC(=O)C=C12
CHEMBL651,METHADONE,CCC(=O)C(CC(C)N(C)C)(c1ccccc1)c1ccccc1
CHEMBL652,FLECAINIDE,O=C(NCC1CCCCN1)c1cc(OCC(F)(F)F)ccc1OCC(F)(F)F
CHEMBL134,CLONIDINE,Clc1cccc(Cl)c1NC1=NCCN1
CHEMBL654,MIRTAZAPINE,CN1CCN2c3ncccc3Cc3ccccc3C2C1
CHEMBL655,MIDAZOLAM,Cc1ncc2n1-c1ccc(Cl)cc1C(c1ccccc1F)=NC2
CHEMBL22242,REMOXIPRIDE,CCN1CCC[C@H]1CNC(=O)c1c(OC)ccc(Br)c1OC
CHEMBL656,OXYCODONE,COc1ccc2c3c1O[C@H]1C(=O)CC[C@@]4(O)[C@@H](C2)N(C)CC[C@]314
CHEMBL135,ESTRADIOL,C[C@]12CC[C@@H]3c4ccc(O)cc4CC[C@H]3[C@@H]1CC[C@@H]2O
CHEMBL657,DIPHENHYDRAMINE,CN(C)CCOC(c1ccccc1)c1ccccc1
CHEMBL658,SUFENTANIL,CCC(=O)N(c1ccccc1)C1(COC)CCN(CCc2cccs2)CC1
CHEMBL659,GALANTAMINE,COc1ccc2c3c1O[C@H]1C[C@@H](O)C=C[C@@]31CCN(C)C2
CHEMBL660,AMANTADINE,NC12CC3CC(CC(C3)C1)C2
CHEMBL661,ALPRAZOLAM,Cc1nnc2n1-c1ccc(Cl)cc1C(c1ccccc1)=NC2
CHEMBL21731,MAPROTILINE,CNCCCC12CCC(c3ccccc31)c1ccccc12
CHEMBL666,FOSCARNET,O=C(O)P(=O)(O)O
CHEMBL667,ACETYLCHOLINE,CC(=O)OCC[N+](C)(C)C
CHEMBL137,METRONIDAZOLE,Cc1ncc([N+](=O)[O-])n1CCO
CHEMBL668,PROTRIPTYLINE,CNCCCC1c2ccccc2C=Cc2ccccc21
CHEMBL669,CYCLOBENZAPRINE,CN(C)CCC=C1c2ccccc2C=Cc2ccccc21
CHEMBL671,THIOTEPA,S=P(N1CC1)(N1CC1)N1CC1
CHEMBL672,FENOFIBRATE,CC(C)OC(=O)C(C)(C)Oc1ccc(C(=O)c2ccc(Cl)cc2)cc1
CHEMBL673,PARGYLINE,C#CCN(C)Cc1ccccc1
CHEMBL675,ALENDRONATE SODIUM,NCCCC(O)(P(=O)([O-])O)P(=O)(O)O.[Na+]
CHEMBL677,LEVONORDEFRIN,C[C@H](N)[C@H](O)c1ccc(O)c(O)c1
CHEMBL679,EPINEPHRINE,CNC[C@H](O)c1ccc(O)c(O)c1
CHEMBL680,CEFACLOR ANHYDROUS,N[C@@H](C(=O)N[C@@H]1C(=O)N2C(C(=O)O)=C(Cl)CS[C@H]12)c1ccccc1
CHEMBL681,ETOMIDATE,CCOC(=O)c1cncn1[C@H](C)c1ccccc1
CHEMBL682,AMODIAQUINE,CCN(CC)Cc1cc(Nc2ccnc3cc(Cl)ccc23)ccc1O
CHEMBL684,DIETHYLCARBAMAZINE,CCN(CC)C(=O)N1CCN(C)CC1
CHEMBL685,MEBENDAZOLE,COC(=O)Nc1nc2cc(C(=O)c3ccccc3)ccc2[nH]1
CHEMBL139,DICLOFENAC,O=C(O)Cc1ccccc1Nc1c(Cl)cccc1Cl
CHEMBL686,MEFENAMIC ACID,Cc1cccc(Nc2ccccc2C(=O)O)c1C
CHEMBL688,FENTANYL CITRATE,CCC(=O)N(c1ccccc1)C1CCN(CCc2ccccc2)CC1.O=C(O)CC(O)(CC(=O)O)C(=O)O
CHEMBL689,MANNITOL,OC[C@@H](O)[C@@H](O)[C@H](O)[C@H](O)CO
CHEMBL690,PRAVASTATIN SODIUM,CC[C@H](C)C(=O)O[C@H]1C[C@H](O)C=C2C=C[C@H](C)[C@H](CC[C@@H](O)C[C@@H](O)CC(=O)[O-])[C@H]21.[Na+]
CHEMBL24072,PRENYLAMINE,CC(Cc1ccccc1)NCCC(c1ccccc1)c1ccccc1
CHEMBL691,ETHINYL ESTRADIOL,C#C[C@]1(O)CC[C@H]2[C@@H]3CCc4cc(O)ccc4[C@H]3CC[C@@]21C
CHEMBL284348,DALFAMPRIDINE,Nc1ccncc1
CHEMBL692,GLYCERIN,OCC(O)CO
CHEMBL695,TRIMETHADIONE,CN1C(=O)OC(C)(C)C1=O
CHEMBL696,ETHOSUXIMIDE,CCC1(C)CC(=O)NC1=O
CHEMBL697,METHSUXIMIDE,CN1C(=O)CC(C)(c2ccccc2)C1=O
CHEMBL698,TETRACAINE,CCCCNc1ccc(C(=O)OCCN(C)C)cc1
CHEMBL700,SULFAPYRIDINE,Nc1ccc(S(=O)(=O)Nc2ccccn2)cc1
CHEMBL701,BACLOFEN,NCC(CC(=O)O)c1ccc(Cl)cc1
CHEMBL702,PIPERACILLIN,CCN1CCN(C(=O)N[C@@H](C(=O)N[C@@H]2C(=O)N3[C@@H]2SC(C)(C)[C@@H]3C(=O)O)c2ccccc2)C(=O)C1=O
CHEMBL703,SUXAMETHONIUM,C[N+](C)(C)CCOC(=O)CCC(=O)OCC[N+](C)(C)C
CHEMBL704,MESALAMINE,Nc1ccc(O)c(C(=O)O)c1
CHEMBL705,ALITRETINOIN,CC1=C(/C=C/C(C)=C\C=C\C(C)=C\C(=O)O)C(C)(C)CCC1
CHEMBL706,CETYL ALCOHOL,CCCCCCCCCCCCCCCCO
CHEMBL24778,SILODOSIN,C[C@H](Cc1cc2c(c(C(N)=O)c1)N(CCCO)CC2)NCCOc1ccccc1OCC(F)(F)F
CHEMBL282468,CHOLINE CHLORIDE,C[N+](C)(C)CCO.[Cl-]
CHEMBL707,DOXAZOSIN,COc1cc2nc(N3CCN(C(=O)C4COc5ccccc5O4)CC3)nc(N)c2cc1OC
CHEMBL24828,VANDETANIB,COc1cc2/c(=N/c3ccc(Br)cc3F)nc[nH]c2cc1OCC1CCN(C)CC1
CHEMBL278819,MINAPRINE,Cc1cc(-c2ccccc2)nnc1NCCN1CCOCC1
CHEMBL25202,TAMIBAROTENE,CC1(C)CCC(C)(C)c2cc(NC(=O)c3ccc(C(=O)O)cc3)ccc21
CHEMBL708,ZIPRASIDONE,O=C1Cc2cc(CCN3CCN(c4nsc5ccccc45)CC3)c(Cl)cc2N1
CHEMBL709,ALFUZOSIN,COc1cc2nc(N(C)CCCNC(=O)C3CCCO3)nc(N)c2cc1OC
CHEMBL710,FINASTERIDE,CC(C)(C)NC(=O)[C@H]1CC[C@H]2[C@@H]3CC[C@H]4NC(=O)C=C[C@]4(C)[C@H]3CC[C@]12C
CHEMBL711,PHENINDIONE,O=C1c2ccccc2C(=O)C1c1ccccc1
CHEMBL712,ANISINDIONE,COc1ccc(C2C(=O)c3ccccc3C2=O)cc1
CHEMBL713,ENTECAVIR ANHYDROUS,C=C1[C@H](CO)[C@@H](O)C[C@@H]1n1cnc2c(=O)[nH]c(N)nc21
CHEMBL141,LAMIVUDINE,Nc1ccn([C@@H]2CS[C@H](CO)O2)c(=O)n1
CHEMBL714,ALBUTEROL,CC(C)(C)NCC(O)c1ccc(O)c(CO)c1
CHEMBL715,OLANZAPINE,Cc1cc2c(s1)Nc1ccccc1N=C2N1CCN(C)CC1
CHEMBL716,QUETIAPINE,OCCOCCN1CCN(C2=Nc3ccccc3Sc3ccccc32)CC1
CHEMBL717,MEDROXYPROGESTERONE ACETATE,CC(=O)O[C@]1(C(C)=O)CC[C@H]2[C@@H]3C[C@H](C)C4=CC(=O)CC[C@]4(C)[C@H]3CC[C@@]21C
CHEMBL719,MUPIROCIN,C/C(=C\C(=O)OCCCCCCCCC(=O)O)C[C@@H]1OC[C@H](C[C@@H]2O[C@H]2[C@@H](C)[C@H](C)O)[C@@H](O)[C@H]1O
CHEMBL720,BENZYL ALCOHOL,OCc1ccccc1
CHEMBL28318,PROPYPHENAZONE,Cc1c(C(C)C)c(=O)n(-c2ccccc2)n1C
CHEMBL723,CARVEDILOL,COc1ccccc1OCCNCC(O)COc1cccc2[nH]c3ccccc3c12
CHEMBL726,FLUPHENAZINE,OCCN1CCN(CCCN2c3ccccc3Sc3ccc(C(F)(F)F)cc32)CC1
CHEMBL727,THIOGUANINE,Nc1nc2[nH]cnc2c(=S)[nH]1
CHEMBL27193,DILEVALOL,C[C@H](CCc1ccccc1)NC[C@H](O)c1ccc(O)c(C(N)=O)c1
CHEMBL728,PROCHLORPERAZINE,CN1CCN(CCCN2c3ccccc3Sc3ccc(Cl)cc32)CC1
CHEMBL729,LOPINAVIR,Cc1cccc(C)c1OCC(=O)N[C@@H](Cc1ccccc1)[C@@H](O)C[C@H](Cc1ccccc1)NC(=O)[C@H](C(C)C)N1CCCNC1=O
CHEMBL730,NITROGLYCERIN,O=[N+]([O-])OCC(CO[N+](=O)[O-])O[N+](=O)[O-]
CHEMBL734,ACETOHYDROXAMIC ACID,CC(=O)NO
CHEMBL738,THIOPENTAL SODIUM,CCCC(C)C1(CC)C(=O)[N-]C(=S)NC1=O.[Na+]
CHEMBL30219,METHOHEXITAL SODIUM,C=CCC1(C(C)C#CCC)C(=O)N=C([O-])N(C)C1=O.[Na+]
CHEMBL741,LAMOTRIGINE,Nc1nnc(-c2cccc(Cl)c2Cl)c(N)n1
CHEMBL742,KETAMINE,CNC1(c2ccccc2Cl)CCCCC1=O
CHEMBL744,RILUZOLE,Nc1nc2ccc(OC(F)(F)F)cc2s1
CHEMBL746,NEDOCROMIL,CCCc1c2oc(C(=O)O)cc(=O)c2cc2c(=O)cc(C(=O)O)n(CC)c12
CHEMBL748,PRALIDOXIME CHLORIDE,C[n+]1ccccc1/C=N/O.[Cl-]
CHEMBL750,ZONISAMIDE,NS(=O)(=O)Cc1noc2ccccc12
CHEMBL752,ADENOSINE PHOSPHATE,Nc1ncnc2c1ncn2[C@@H]1O[C@H](COP(=O)(O)O)[C@@H](O)[C@H]1O
CHEMBL753,PHENOXYBENZAMINE,CC(COc1ccccc1)N(CCCl)Cc1ccccc1
CHEMBL754,FOSCARNET SODIUM,O=C([O-])P(=O)([O-])[O-].[Na+].[Na+].[Na+]
CHEMBL760,ANAGRELIDE,O=C1CN2Cc3c(ccc(Cl)c3Cl)N=C2N1
CHEMBL761,NAPHAZOLINE,c1ccc2c(CC3=NCCN3)cccc2c1
CHEMBL762,OXYMETAZOLINE,Cc1cc(C(C)(C)C)c(O)c(C)c1CC1=NCCN1
CHEMBL765,GUANETHIDINE,N=C(N)NCCN1CCCCCCC1
CHEMBL766,CILASTATIN,CC1(C)C[C@@H]1C(=O)N/C(=C\CCCCSC[C@H](N)C(=O)O)C(=O)O
CHEMBL768,ESMOLOL,COC(=O)CCc1ccc(OCC(O)CNC(C)C)cc1
CHEMBL770,TOLAZOLINE,c1ccc(CC2=NCCN2)cc1
CHEMBL771,CYCLOSERINE,N[C@@H]1CONC1=O
CHEMBL148,IMIPENEM ANHYDROUS,C[C@@H](O)[C@H]1C(=O)N2C(C(=O)O)=C(SCCNC=N)C[C@H]12
CHEMBL772,RESERPINE,COC(=O)[C@H]1[C@H]2C[C@@H]3c4[nH]c5cc(OC)ccc5c4CCN3C[C@H]2C[C@@H](OC(=O)c2cc(OC)c(OC)c(OC)c2)[C@@H]1OC
CHEMBL773,GLYCINE,NCC(=O)O
CHEMBL776,METAPROTERENOL,CC(C)NCC(O)c1cc(O)cc(O)c1
CHEMBL777,CLAVULANIC ACID,O=C(O)[C@H]1/C(=C/CO)O[C@@H]2CC(=O)N21
CHEMBL778,DEXMEDETOMIDINE,Cc1cccc([C@H](C)c2c[nH]cn2)c1C
CHEMBL779,TADALAFIL,CN1CC(=O)N2[C@H](c3ccc4c(c3)OCO4)c3[nH]c4ccccc4c3C[C@@H]2C1=O
CHEMBL33986,BUTORPHANOL,Oc1ccc2c(c1)[C@@]13CCCC[C@@]1(O)[C@@H](C2)N(CC1CCC1)CC3
CHEMBL780,PENTETIC ACID,O=C(O)CN(CCN(CC(=O)O)CC(=O)O)CCN(CC(=O)O)CC(=O)O
CHEMBL781,MAZINDOL,OC1(c2ccc(Cl)cc2)c2ccccc2C2=NCCN21
CHEMBL290106,BITHIONOL,Oc1c(Cl)cc(Cl)cc1Sc1cc(Cl)cc(Cl)c1O
CHEMBL782,TOLBUTAMIDE,CCCCNC(=O)NS(=O)(=O)c1ccc(C)cc1
CHEMBL783,NATEGLINIDE,CC(C)[C@H]1CC[C@H](C(=O)N[C@H](Cc2ccccc2)C(=O)O)CC1
CHEMBL32479,BROTIZOLAM,Cc1nnc2n1-c1sc(Br)cc1C(c1ccccc1Cl)=NC2
CHEMBL786,TAMOXIFEN CITRATE,CC/C(=C(\c1ccccc1)c1ccc(OCCN(C)C)cc1)c1ccccc1.O=C(O)CC(O)(CC(=O)O)C(=O)O
CHEMBL787,MONTELUKAST,CC(C)(O)c1ccccc1CC[C@@H](SCC1(CC(=O)O)CC1)c1cccc(/C=C/c2ccc3ccc(Cl)cc3n2)c1
CHEMBL788,IDOXURIDINE,O=c1[nH]c(=O)n([C@H]2C[C@H](O)[C@@H](CO)O2)cc1I
CHEMBL36506,NOVOBIOCIN,CO[C@@H]1[C@@H](OC(N)=O)[C@@H](O)[C@H](Oc2ccc3c(O)c(NC(=O)c4ccc(O)c(CC=C(C)C)c4)c(=O)oc3c2C)OC1(C)C
CHEMBL152,CIDOFOVIR ANHYDROUS,Nc1ccn(C[C@@H](CO)OCP(=O)(O)O)c(=O)n1
CHEMBL790,CHLORHEXIDINE,N=C(NCCCCCCNC(=N)NC(=N)Nc1ccc(Cl)cc1)NC(=N)Nc1ccc(Cl)cc1
CHEMBL32800,FENOTEROL,CC(Cc1ccc(O)cc1)NCC(O)c1cc(O)cc(O)c1
CHEMBL796,METHYLPHENIDATE,COC(=O)C(c1ccccc1)C1CCCCN1
CHEMBL285674,ESTAZOLAM,Clc1ccc2c(c1)C(c1ccccc1)=NCc1nncn1-2
CHEMBL797,PHENSUXIMIDE,CN1C(=O)CC(c2ccccc2)C1=O
CHEMBL34259,METHOTREXATE,CN(Cc1cnc2nc(N)nc(N)c2n1)c1ccc(C(=O)N[C@@H](CCC(=O)O)C(=O)O)cc1
CHEMBL284092,GEPIRONE,CC1(C)CC(=O)N(CCCCN2CCN(c3ncccn3)CC2)C(=O)C1
CHEMBL799,CILOSTAZOL,O=C1CCc2cc(OCCCCc3nnnn3C3CCCCC3)ccc2N1
CHEMBL802,MINOXIDIL,Nc1cc(N2CCCCC2)nc(N)[n+]1[O-]
CHEMBL154,NAPROXEN,COc1ccc2cc([C@H](C)C(=O)O)ccc2c1
CHEMBL416956,MEFLOQUINE,OC(c1cc(C(F)(F)F)nc2c(C(F)(F)F)cccc12)C1CCCCN1
CHEMBL803,CYTARABINE,Nc1ccn([C@@H]2O[C@H](CO)[C@@H](O)[C@@H]2O)c(=O)n1
CHEMBL806,FLUTAMIDE,CC(C)C(=O)Nc1ccc([N+](=O)[O-])c(C(F)(F)F)c1
CHEMBL807,MEMANTINE,CC12CC3CC(C)(C1)CC(N)(C3)C2
CHEMBL808,ECONAZOLE,Clc1ccc(COC(Cn2ccnc2)c2ccc(Cl)cc2Cl)cc1
CHEMBL809,SERTRALINE,CN[C@H]1CC[C@@H](c2ccc(Cl)c(Cl)c2)c2ccccc21
CHEMBL810,TEMOZOLOMIDE,Cn1nnc2c(C(N)=O)ncn2c1=O
CHEMBL811,BROMPHENIRAMINE,CN(C)CCC(c1ccc(Br)cc1)c1ccccn1
CHEMBL37744,ZIMELDINE,CN(C)C/C=C(/c1ccc(Br)cc1)c1cccnc1
CHEMBL812,PYRIDOSTIGMINE BROMIDE,CN(C)C(=O)Oc1ccc[n+](C)c1.[Br-]
CHEMBL813,EPROSARTAN,CCCCc1ncc(/C=C(\Cc2cccs2)C(=O)O)n1Cc1ccc(C(=O)O)cc1
CHEMBL289469,GRANISETRON,CN1C2CCCC1CC(NC(=O)c1nn(C)c3ccccc13)C2
CHEMBL814,FLUVOXAMINE,COCCCC/C(=N\OCCN)c1ccc(C(F)(F)F)cc1
CHEMBL441738,AFAMELANOTIDE,CCCC[C@H](NC(=O)[C@H](CO)NC(=O)[C@H](Cc1ccc(O)cc1)NC(=O)[C@H](CO)NC(C)=O)C(=O)N[C@@H](CCC(=O)O)C(=O)N[C@@H](Cc1c[nH]cn1)C(=O)N[C@H](Cc1ccccc1)C(=O)N[C@@H](CCCNC(=N)N)C(=O)N[C@@H](Cc1c[nH]c2ccccc12)C(=O)NCC(=O)N[C@@H](CCCCN)C(=O)N1CCC[C@H]1C(=O)N[C@H](C(N)=O)C(C)C
CHEMBL815,DINOPROST,CCCCC[C@H](O)/C=C/[C@@H]1[C@@H](C/C=C\CCCC(=O)O)[C@@H](O)C[C@H]1O
CHEMBL39736,BUFORMIN,CCCCNC(=N)NC(=N)N
CHEMBL38827,LUMEFANTRINE,CCCCN(CCCC)CC(O)c1cc(Cl)cc2c1-c1ccc(Cl)cc1/C2=C/c1ccc(Cl)cc1
CHEMBL817,TOLAZAMIDE,Cc1ccc(S(=O)(=O)NC(=O)NN2CCCCCC2)cc1
CHEMBL818,IOBENGUANE,N=C(N)NCc1cccc(I)c1
CHEMBL819,OXACILLIN,Cc1onc(-c2ccccc2)c1C(=O)N[C@@H]1C(=O)N2[C@@H]1SC(C)(C)[C@@H]2C(=O)O
CHEMBL290960,NIFURTIMOX,CC1CS(=O)(=O)CCN1/N=C/c1ccc([N+](=O)[O-])o1
CHEMBL820,BUSULFAN,CS(=O)(=O)OCCCCOS(C)(=O)=O
CHEMBL821,GUANIDINE,N=C(N)N
CHEMBL822,TERBINAFINE,CN(C/C=C/C#CC(C)(C)C)Cc1cccc2ccccc12
CHEMBL826,ENOXACIN,CCn1cc(C(=O)O)c(=O)c2cc(F)c(N3CCNCC3)nc21
CHEMBL827,DEXMETHYLPHENIDATE,COC(=O)[C@H](c1ccccc1)[C@H]1CCCCN1
CHEMBL829,METHYLPROMAZINE,CC(CN(C)C)CN1c2ccccc2Sc2ccccc21
CHEMBL43128,PRIMAQUINE PHOSPHATE,COc1cc(NC(C)CCCN)c2ncccc2c1.O=P(O)(O)O.O=P(O)(O)O
CHEMBL830,EFLORNITHINE,NCCCC(N)(C(=O)O)C(F)F
CHEMBL831,LOXAPINE,CN1CCN(C2=Nc3ccccc3Oc3ccc(Cl)cc32)CC1
CHEMBL832,SULFINPYRAZONE,O=C1C(CC[S+]([O-])c2ccccc2)C(=O)N(c2ccccc2)N1c1ccccc1
CHEMBL288470,AMINOPYRINE,Cc1c(N(C)C)c(=O)n(-c2ccccc2)n1C
CHEMBL833,TICLOPIDINE,Clc1ccccc1CN1CCc2sccc2C1
CHEMBL290916,EDARAVONE,CC1=NN(c2ccccc2)C(=O)C1
CHEMBL834,PAMIDRONIC ACID,NCCC(O)(P(=O)(O)O)P(=O)(O)O
CHEMBL289480,RILMENIDINE,C1COC(NC(C2CC2)C2CC2)=N1
CHEMBL836,TAMSULOSIN,CCOc1ccccc1OCCN[C@H](C)Cc1ccc(OC)c(S(N)(=O)=O)c1
CHEMBL158,AZTREONAM,C[C@H]1[C@H](NC(=O)/C(=N\OC(C)(C)C(=O)O)c2csc(N)n2)C(=O)N1S(=O)(=O)O
CHEMBL44354,CEFTAZIDIME,CC(C)(O/N=C(\C(=O)N[C@@H]1C(=O)N2C(C(=O)[O-])=C(C[n+]3ccccc3)CS[C@H]12)c1csc(N)n1)C(=O)O
CHEMBL838,BENAZEPRIL,CCOC(=O)[C@H](CCc1ccccc1)N[C@H]1CCc2ccccc2N(CC(=O)O)C1=O
CHEMBL41355,EZOGABINE,CCOC(=O)Nc1ccc(NCc2ccc(F)cc2)cc1N
CHEMBL288441,BOSUTINIB,COc1cc(Nc2c(C#N)cnc3cc(OCCCN4CCN(C)CC4)c(OC)cc23)c(Cl)cc1Cl
CHEMBL839,CARTEOLOL,CC(C)(C)NCC(O)COc1cccc2c1CCC(=O)N2
CHEMBL841,LOPERAMIDE,CN(C)C(=O)C(CCN1CCC(O)(c2ccc(Cl)cc2)CC1)(c1ccccc1)c1ccccc1
CHEMBL842,CHLOROTHIAZIDE,NS(=O)(=O)c1cc2c(cc1Cl)N=CNS2(=O)=O
CHEMBL843,ROSIGLITAZONE MALEATE,CN(CCOc1ccc(CC2SC(=O)NC2=O)cc1)c1ccccn1.O=C(O)/C=C\C(=O)O
CHEMBL844,BRIMONIDINE,Brc1c(NC2=NCCN2)ccc2nccnc12
CHEMBL43452,POMALIDOMIDE,Nc1cccc2c1C(=O)N(C1CCC(=O)NC1=O)C2=O
CHEMBL846,CALCITRIOL,C=C1/C(=C\C=C2/CCC[C@]3(C)[C@@H]([C@H](C)CCCC(C)(C)O)CC[C@@H]23)C[C@@H](O)C[C@@H]1O
CHEMBL847,OXAMNIQUINE,CC(C)NCC1CCc2cc(CO)c([N+](=O)[O-])cc2N1
CHEMBL848,LENALIDOMIDE,Nc1cccc2c1CN(C1CCC(=O)NC1=O)C2=O
CHEMBL849,TRICLOSAN,Oc1cc(Cl)ccc1Oc1ccc(Cl)cc1Cl
CHEMBL850,SPARFLOXACIN,C[C@@H]1CN(c2c(F)c(N)c3c(=O)c(C(=O)O)cn(C4CC4)c3c2F)C[C@H](C)N1
CHEMBL852,MELPHALAN,N[C@@H](Cc1ccc(N(CCCl)CCCl)cc1)C(=O)O
CHEMBL853,ZALCITABINE,Nc1ccn([C@H]2CC[C@@H](CO)O2)c(=O)n1
CHEMBL855,TRIPROLIDINE,Cc1ccc(/C(=C\CN2CCCC2)c2ccccn2)cc1
CHEMBL296419,ASTEMIZOLE,COc1ccc(CCN2CCC(Nc3nc4ccccc4n3Cc3ccc(F)cc3)CC2)cc1
CHEMBL46740,BAZEDOXIFENE,Cc1c(-c2ccc(O)cc2)n(Cc2ccc(OCCN3CCCCCC3)cc2)c2ccc(O)cc12
CHEMBL856,PRIMIDONE,CCC1(c2ccccc2)C(=O)NCNC1=O
CHEMBL857,BIOTIN,O=C(O)CCCC[C@@H]1SC[C@@H]2NC(=O)N[C@@H]21
CHEMBL861,MEPHENYTOIN,CCC1(c2ccccc2)NC(=O)N(C)C1=O
CHEMBL46917,CARBARIL,CNC(=O)Oc1cccc2ccccc12
CHEMBL862,GUANFACINE,N=C(N)NC(=O)Cc1c(Cl)cccc1Cl
CHEMBL863,CYSTEINE,N[C@@H](CS)C(=O)O
CHEMBL864,CARBINOXAMINE,CN(C)CCOC(c1ccc(Cl)cc1)c1ccccn1
CHEMBL295124,BERBERINE,COc1ccc2cc3[n+](cc2c1OC)CCc1cc2c(cc1-3)OCO2
CHEMBL865,VALDECOXIB,Cc1onc(-c2ccccc2)c1-c1ccc(S(N)(=O)=O)cc1
CHEMBL296913,PARECOXIB SODIUM,CCC(=O)[N-]S(=O)(=O)c1ccc(-c2c(-c3ccccc3)noc2C)cc1.[Na+]
CHEMBL44884,ETHAMBUTOL,CC[C@@H](CO)NCCN[C@@H](CC)CO
CHEMBL44618,CHLOROFORM,ClC(Cl)Cl
CHEMBL866,MYCOPHENOLIC ACID,COc1c(C)c2c(c(O)c1C/C=C(\C)CCC(=O)O)C(=O)OC2
CHEMBL44657,ETOPOSIDE,COc1cc([C@@H]2c3cc4c(cc3[C@@H](O[C@@H]3O[C@@H]5CO[C@@H](C)O[C@H]5[C@H](O)[C@H]3O)[C@H]3COC(=O)[C@H]23)OCO4)cc(OC)c1O
CHEMBL867,IOPANOIC ACID,CCC(Cc1c(I)cc(I)c(N)c1I)C(=O)O
CHEMBL46286,OMACETAXINE MEPESUCCINATE,COC(=O)C[C@](O)(CCCC(C)(C)O)C(=O)O[C@@H]1C(OC)=C[C@]23CCCN2CCc2cc4c(cc2[C@H]13)OCO4
CHEMBL48449,CANTHARIDIN,C[C@@]12C(=O)OC(=O)[C@]1(C)[C@H]1CC[C@@H]2O1
CHEMBL262777,VANCOMYCIN,CN[C@H](CC(C)C)C(=O)N[C@H]1C(=O)N[C@@H](CC(N)=O)C(=O)N[C@H]2C(=O)N[C@H]3C(=O)N[C@H](C(=O)N[C@H](C(=O)O)c4cc(O)cc(O)c4-c4cc3ccc4O)[C@H](O)c3ccc(c(Cl)c3)Oc3cc2cc(c3O[C@@H]2O[C@H](CO)[C@@H](O)[C@H](O)[C@H]2O[C@H]2C[C@](C)(N)[C@H](O)[C@H](C)O2)Oc2ccc(cc2Cl)[C@H]1O
CHEMBL869,NITROFURAZONE,NC(=O)N/N=C/c1ccc([N+](=O)[O-])o1
CHEMBL870,ALENDRONIC ACID,NCCCC(O)(P(=O)(O)O)P(=O)(O)O
CHEMBL871,ETIDRONIC ACID,CC(O)(P(=O)(O)O)P(=O)(O)O
CHEMBL159,VINBLASTINE,CC[C@]1(O)C[C@@H]2CN(CCc3c([nH]c4ccccc34)[C@@](C(=O)OC)(c3cc4c(cc3OC)N(C)[C@H]3[C@@](O)(C(=O)OC)[C@H](OC(C)=O)[C@]5(CC)C=CCN6CC[C@]43[C@@H]65)C2)C1
CHEMBL45816,MIBEFRADIL,COCC(=O)O[C@]1(CCN(C)CCCc2nc3ccccc3[nH]2)CCc2cc(F)ccc2[C@@H]1C(C)C
CHEMBL295698,LEVOKETOCONAZOLE,CC(=O)N1CCN(c2ccc(OC[C@@H]3CO[C@@](Cn4ccnc4)(c4ccc(Cl)cc4Cl)O3)cc2)CC1
CHEMBL298470,TAFENOQUINE,COc1cc(C)c2c(Oc3cccc(C(F)(F)F)c3)c(OC)cc(NC(C)CCCN)c2n1
CHEMBL160,CYCLOSPORINE,C/C=C/C[C@@H](C)[C@@H](O)[C@H]1C(=O)N[C@@H](CC)C(=O)N(C)CC(=O)N(C)[C@@H](CC(C)C)C(=O)N[C@@H](C(C)C)C(=O)N(C)[C@@H](CC(C)C)C(=O)N[C@@H](C)C(=O)N[C@H](C)C(=O)N(C)[C@@H](CC(C)C)C(=O)N(C)[C@@H](CC(C)C)C(=O)N(C)[C@@H](C(C)C)C(=O)N1C
CHEMBL877,TRANEXAMIC ACID,NC[C@H]1CC[C@H](C(=O)O)CC1
CHEMBL878,METOLAZONE,Cc1ccccc1N1C(=O)c2cc(S(N)(=O)=O)c(Cl)cc2NC1C
CHEMBL880,FAMCICLOVIR,CC(=O)OCC(CCn1cnc2cnc(N)nc21)COC(C)=O
CHEMBL885,EMTRICITABINE,Nc1nc(=O)n([C@@H]2CS[C@H](CO)O2)cc1F
CHEMBL887,RASAGILINE,C#CCN[C@@H]1CCc2ccccc21
CHEMBL888,GEMCITABINE,Nc1ccn([C@@H]2O[C@H](CO)[C@@H](O)C2(F)F)c(=O)n1
CHEMBL296306,LACTULOSE,OC[C@H]1O[C@@H](O[C@@H]2[C@@H](CO)O[C@](O)(CO)[C@H]2O)[C@H](O)[C@@H](O)[C@H]1O
CHEMBL48582,SAFINAMIDE MESYLATE,CS(=O)(=O)O.C[C@H](NCc1ccc(OCc2cccc(F)c2)cc1)C(N)=O
CHEMBL891,CLOXACILLIN,Cc1onc(-c2ccccc2Cl)c1C(=O)N[C@@H]1C(=O)N2[C@@H]1SC(C)(C)[C@@H]2C(=O)O
CHEMBL299400,BUTORPHANOL TARTRATE,O=C(O)C(O)C(O)C(=O)O.Oc1ccc2c(c1)[C@@]13CCCC[C@@]1(O)[C@@H](C2)N(CC1CCC1)CC3
CHEMBL893,DICLOXACILLIN,Cc1onc(-c2c(Cl)cccc2Cl)c1C(=O)N[C@@H]1C(=O)N2[C@@H]1SC(C)(C)[C@@H]2C(=O)O
CHEMBL894,BUPROPION,CC(NC(C)(C)C)C(=O)c1cccc(Cl)c1
CHEMBL50588,EMETINE,CC[C@H]1CN2CCc3cc(OC)c(OC)cc3[C@@H]2C[C@@H]1C[C@H]1NCCc2cc(OC)c(OC)cc21
CHEMBL895,NALBUPHINE,Oc1ccc2c3c1O[C@H]1[C@@H](O)CC[C@@]4(O)[C@@H](C2)N(CC2CCC2)CC[C@]314
CHEMBL52440,DEXTROMETHORPHAN,COc1ccc2c(c1)[C@]13CCCC[C@@H]1[C@H](C2)N(C)CC3
CHEMBL896,HYDROXYZINE,OCCOCCN1CCN(C(c2ccccc2)c2ccc(Cl)cc2)CC1
CHEMBL897,PROBENECID,CCCN(CCC)S(=O)(=O)c1ccc(C(=O)O)cc1
CHEMBL898,DIFLUNISAL,O=C(O)c1cc(-c2ccc(F)cc2F)ccc1O
CHEMBL900,ORPHENADRINE,Cc1ccccc1C(OCCN(C)C)c1ccccc1
CHEMBL902,FAMOTIDINE,NC(N)=Nc1nc(CSCC/C(N)=N/S(N)(=O)=O)cs1
CHEMBL53292,ISOXICAM,Cc1cc(NC(=O)C2=C(O)c3ccccc3S(=O)(=O)N2C)no1
CHEMBL53463,DOXORUBICIN,COc1cccc2c1C(=O)c1c(O)c3c(c(O)c1C2=O)C[C@@](O)(C(=O)CO)C[C@@H]3O[C@H]1C[C@H](N)[C@H](O)[C@H](C)O1
CHEMBL904,DEXMETHYLPHENIDATE HYDROCHLORIDE,COC(=O)[C@H](c1ccccc1)[C@H]1CCCCN1.Cl
CHEMBL905,RIZATRIPTAN,CN(C)CCc1c[nH]c2ccc(Cn3cncn3)cc12
CHEMBL908,CHLORPROTHIXENE,CN(C)CC/C=C1/c2ccccc2Sc2ccc(Cl)cc21
CHEMBL911,ZOLPIDEM,Cc1ccc(-c2nc3ccc(C)cn3c2CC(=O)N(C)C)cc1
CHEMBL914,FEXOFENADINE,CC(C)(C(=O)O)c1ccc(C(O)CCCN2CCC(C(O)(c3ccccc3)c3ccccc3)CC2)cc1
CHEMBL915,NEDOCROMIL SODIUM,CCCc1c2oc(C(=O)[O-])cc(=O)c2cc2c(=O)cc(C(=O)[O-])n(CC)c12.[Na+].[Na+]
CHEMBL916,TIROFIBAN,CCCCS(=O)(=O)N[C@@H](Cc1ccc(OCCCCC2CCNCC2)cc1)C(=O)O
CHEMBL53418,DANTHRON,O=C1c2cccc(O)c2C(=O)c2c(O)cccc21
CHEMBL917,FLOXURIDINE,O=c1[nH]c(=O)n([C@H]2C[C@H](O)[C@@H](CO)O2)cc1F
CHEMBL918,PHENACEMIDE,NC(=O)NC(=O)Cc1ccccc1
CHEMBL919,FOSPHENYTOIN SODIUM,O=C1NC(c2ccccc2)(c2ccccc2)C(=O)N1COP(=O)([O-])[O-].[Na+].[Na+]
CHEMBL54349,ALPIDEM,CCCN(CCC)C(=O)Cc1c(-c2ccc(Cl)cc2)nc2ccc(Cl)cn12
CHEMBL922,ADEFOVIR DIPIVOXIL,CC(C)(C)C(=O)OCOP(=O)(COCCn1cnc2c(N)ncnc21)OCOC(=O)C(C)(C)C
CHEMBL161,CEFTRIAXONE,CO/N=C(\C(=O)N[C@@H]1C(=O)N2C(C(=O)O)=C(CSc3nc(=O)c(O)nn3C)CS[C@H]12)c1csc(N)n1
CHEMBL923,RISEDRONIC ACID,O=P(O)(O)C(O)(Cc1cccnc1)P(=O)(O)O
CHEMBL924,ZOLEDRONIC ACID ANHYDROUS,O=P(O)(O)C(O)(Cn1ccnc1)P(=O)(O)O
CHEMBL264241,ANIDULAFUNGIN,CCCCCOc1ccc(-c2ccc(-c3ccc(C(=O)N[C@H]4C[C@@H](O)[C@@H](O)NC(=O)[C@@H]5[C@@H](O)[C@@H](C)CN5C(=O)[C@H]([C@@H](C)O)NC(=O)[C@H]([C@H](O)[C@@H](O)c5ccc(O)cc5)NC(=O)[C@@H]5C[C@@H](O)CN5C(=O)[C@H]([C@@H](C)O)NC4=O)cc3)cc2)cc1
CHEMBL925,TYROSINE,N[C@@H](Cc1ccc(O)cc1)C(=O)O
CHEMBL926,DOBUTAMINE,CC(CCc1ccc(O)cc1)NCCc1ccc(O)c(O)c1
CHEMBL56021,LEVACETYLLEUCINE,CC(=O)N[C@@H](CC(C)C)C(=O)O
CHEMBL927,CEFDINIR,C=CC1=C(C(=O)O)N2C(=O)[C@@H](NC(=O)/C(=N\O)c3csc(N)n3)[C@H]2SC1
CHEMBL54976,TRYPTOPHAN,N[C@@H](Cc1c[nH]c2ccccc12)C(=O)O
CHEMBL928,DANTROLENE SODIUM,O=C1CN(/N=C/c2ccc(-c3ccc([N+](=O)[O-])cc3)o2)C(=O)[N-]1.[Na+]
CHEMBL298734,LONAFARNIB,NC(=O)N1CCC(CC(=O)N2CCC([C@H]3c4ncc(Br)cc4CCc4cc(Cl)cc(Br)c43)CC2)CC1
CHEMBL929,DELAVIRDINE MESYLATE,CC(C)Nc1cccnc1N1CCN(C(=O)c2cc3cc(NS(C)(=O)=O)ccc3[nH]2)CC1.CS(=O)(=O)O
CHEMBL930,GLUTAMINE,NC(=O)CC[C@H](N)C(=O)O
CHEMBL56367,NIMESULIDE,CS(=O)(=O)Nc1ccc([N+](=O)[O-])cc1Oc1ccccc1
CHEMBL931,HALOTHANE,FC(F)(F)C(Cl)Br
CHEMBL932,DIPYRIDAMOLE,OCCN(CCO)c1nc(N2CCCCC2)c2nc(N(CCO)CCO)nc(N3CCCCC3)c2n1
CHEMBL934,METYRAPONE,CC(C)(C(=O)c1cccnc1)c1cccnc1
CHEMBL936,DIPHENIDOL,OC(CCCN1CCCCC1)(c1ccccc1)c1ccccc1
CHEMBL937,DIETHYLCARBAMAZINE CITRATE,CCN(CC)C(=O)N1CCN(C)CC1.O=C(O)CC(O)(CC(=O)O)C(=O)O
CHEMBL938,SARALASIN,CNCC(=O)N[C@@H](CCCNC(=N)N)C(=O)N[C@H](C(=O)N[C@@H](Cc1ccc(O)cc1)C(=O)N[C@H](C(=O)N[C@@H](Cc1cnc[nH]1)C(=O)N1CCC[C@H]1C(=O)N[C@@H](C)C(=O)O)C(C)C)C(C)C
CHEMBL163,RITONAVIR,CC(C)c1nc(CN(C)C(=O)N[C@H](C(=O)N[C@@H](Cc2ccccc2)C[C@H](O)[C@H](Cc2ccccc2)NC(=O)OCc2cncs2)C(C)C)cs1
CHEMBL939,GEFITINIB,COc1cc2ncnc(Nc3ccc(F)c(Cl)c3)c2cc1OCCCN1CCOCC1
CHEMBL940,GABAPENTIN,NCC1(CC(=O)O)CCCCC1
CHEMBL291338,"3,3',4',5-TETRACHLOROSALICYLANILIDE",O=C(Nc1ccc(Cl)c(Cl)c1)c1cc(Cl)cc(Cl)c1O
CHEMBL58323,LACOSAMIDE,COC[C@@H](NC(C)=O)C(=O)NCc1ccccc1
CHEMBL941,IMATINIB,Cc1ccc(NC(=O)c2ccc(CN3CCN(C)CC3)cc2)cc1Nc1nccc(-c2cccnc2)n1
CHEMBL301265,PRAMIPEXOLE,CCCN[C@H]1CCc2nc(N)sc2C1
CHEMBL942,BISACODYL,CC(=O)Oc1ccc(C(c2ccc(OC(C)=O)cc2)c2ccccn2)cc1
CHEMBL56337,EPALRESTAT,CC(/C=C1\SC(=S)N(CC(=O)O)C1=O)=C\c1ccccc1
CHEMBL944,CHLOROPROCAINE HYDROCHLORIDE,CCN(CC)CCOC(=O)c1ccc(N)cc1Cl.Cl
CHEMBL945,AMILORIDE,N=C(N)NC(=O)c1nc(Cl)c(N)nc1N
CHEMBL946,AZATADINE,CN1CCC(=C2c3ccccc3CCc3cccnc32)CC1
CHEMBL58510,CHLOROQUINE PHOSPHATE,CCN(CC)CCCC(C)Nc1ccnc2cc(Cl)ccc12.O=P(O)(O)O.O=P(O)(O)O
CHEMBL951,IOPHENDYLATE,CCOC(=O)CCCCCCCCC(C)c1ccc(I)cc1
CHEMBL294199,CAPSAICIN,COc1cc(CNC(=O)CCCC/C=C/C(C)C)ccc1O
CHEMBL953,ENTACAPONE,CCN(CC)C(=O)/C(C#N)=C/c1cc(O)c(O)c([N+](=O)[O-])c1
CHEMBL61593,CYCLOTHIAZIDE,NS(=O)(=O)c1cc2c(cc1Cl)NC(C1CC3C=CC1C3)NS2(=O)=O
CHEMBL956,SUPROFEN,CC(C(=O)O)c1ccc(C(=O)c2cccs2)cc1
CHEMBL957,BOSENTAN,COc1ccccc1Oc1c(NS(=O)(=O)c2ccc(C(C)(C)C)cc2)nc(-c2ncccn2)nc1OCCO
CHEMBL959,RIMANTADINE,CC(N)C12CC3CC(CC(C3)C1)C2
CHEMBL960,LEFLUNOMIDE,Cc1oncc1C(=O)Nc1ccc(C(F)(F)F)cc1
CHEMBL62193,SULFADIMETHOXINE,COc1cc(NS(=O)(=O)c2ccc(N)cc2)nc(OC)n1
CHEMBL61006,PHENYLPROPANOLAMINE,CC(N)C(O)c1ccccc1
CHEMBL962,EPOPROSTENOL SODIUM,CCCCC[C@H](O)/C=C/[C@@H]1[C@H]2C/C(=C/CCCC(=O)[O-])O[C@H]2C[C@H]1O.[Na+]
CHEMBL963,OXYMORPHONE,CN1CC[C@]23c4c5ccc(O)c4O[C@H]2C(=O)CC[C@@]3(O)[C@H]1C5
CHEMBL964,DISULFIRAM,CCN(CC)C(=S)SSC(=S)N(CC)CC
CHEMBL965,CARBAMOYLCHOLINE,C[N+](C)(C)CCOC(N)=O
CHEMBL967,TEMAZEPAM,CN1C(=O)C(O)N=C(c2ccccc2)c2cc(Cl)ccc21
CHEMBL968,FLURAZEPAM,CCN(CC)CCN1C(=O)CN=C(c2ccccc2F)c2cc(Cl)ccc21
CHEMBL969,PRAZEPAM,O=C1CN=C(c2ccccc2)c2cc(Cl)ccc2N1CC1CC1
CHEMBL970,HALAZEPAM,O=C1CN=C(c2ccccc2)c2cc(Cl)ccc2N1CC(F)(F)F
CHEMBL971,PENTOBARBITAL SODIUM,CCCC(C)C1(CC)C(=O)N=C([O-])NC1=O.[Na+]
CHEMBL972,SELEGILINE,C#CCN(C)[C@H](C)Cc1ccccc1
CHEMBL973,TERIFLUNOMIDE,C/C(O)=C(\C#N)C(=O)Nc1ccc(C(F)(F)F)cc1
CHEMBL975,MESNA,O=S(=O)([O-])CCS.[Na+]
CHEMBL64391,ITRACONAZOLE,CCC(C)n1ncn(-c2ccc(N3CCN(c4ccc(OCC5COC(Cn6cncn6)(c6ccc(Cl)cc6Cl)O5)cc4)CC3)cc2)c1=O
CHEMBL64894,GENTIAN VIOLET,CN(C)c1ccc(C(=C2C=CC(=[N+](C)C)C=C2)c2ccc(N(C)C)cc2)cc1.[Cl-]
CHEMBL976,PRAZIQUANTEL,O=C(C1CCCCC1)N1CC(=O)N2CCc3ccccc3C2C1
CHEMBL977,HYDROCORTISONE HEMISUCCINATE ANHYDROUS,C[C@]12CCC(=O)C=C1CC[C@@H]1[C@@H]2[C@@H](O)C[C@@]2(C)[C@H]1CC[C@]2(O)C(=O)COC(=O)CCC(=O)O
CHEMBL978,METHACHOLINE,CC(=O)OC(C)C[N+](C)(C)C
CHEMBL979,MEPROBAMATE,CCCC(C)(COC(N)=O)COC(N)=O
CHEMBL980,GUAIFENESIN,COc1ccccc1OCC(O)CO
CHEMBL981,FENOFIBRIC ACID,CC(C)(Oc1ccc(C(=O)c2ccc(Cl)cc2)cc1)C(=O)O
CHEMBL982,NALMEFENE,C=C1CC[C@@]2(O)[C@H]3Cc4ccc(O)c5c4[C@@]2(CCN3CC2CC2)[C@H]1O5
CHEMBL983,SUCCINYLCHOLINE CHLORIDE,C[N+](C)(C)CCOC(=O)CCC(=O)OCC[N+](C)(C)C.[Cl-].[Cl-]
CHEMBL984,MIVACURIUM CHLORIDE,COc1cc2c(cc1OC)[C@@H](Cc1cc(OC)c(OC)c(OC)c1)[N+](C)(CCCOC(=O)CC/C=C/CCC(=O)OCCC[N+]1(C)CCc3cc(OC)c(OC)cc3[C@H]1Cc1cc(OC)c(OC)c(OC)c1)CC2.[Cl-].[Cl-]
CHEMBL985,UREA,NC(N)=O
CHEMBL65375,TIPIRACIL HYDROCHLORIDE,Cl.N=C1CCCN1Cc1[nH]c(=O)[nH]c(=O)c1Cl
CHEMBL291657,CRINECERFONT,C#CCN(c1nc(-c2cc(C)c(OC)cc2Cl)c(C)s1)[C@@H](CC1CC1)c1ccc(C)c(F)c1
CHEMBL63857,PHENOLPHTHALEIN,O=C1OC(c2ccc(O)cc2)(c2ccc(O)cc2)c2ccccc21
CHEMBL986,RETINOL,CC1=C(/C=C/C(C)=C/C=C/C(C)=C/CO)C(C)(C)CCC1
CHEMBL989,FLUOCINOLONE ACETONIDE,CC1(C)O[C@@H]2C[C@H]3[C@@H]4C[C@H](F)C5=CC(=O)C=C[C@]5(C)[C@@]4(F)[C@@H](O)C[C@]3(C)[C@]2(C(=O)CO)O1
CHEMBL990,BUTENAFINE,CN(Cc1ccc(C(C)(C)C)cc1)Cc1cccc2ccccc12
CHEMBL991,STAVUDINE,Cc1cn([C@H]2C=C[C@@H](CO)O2)c(=O)[nH]c1=O
CHEMBL995,LOSARTAN POTASSIUM,CCCCc1nc(Cl)c(CO)n1Cc1ccc(-c2ccccc2-c2nnn[n-]2)cc1.[K+]
CHEMBL996,CEFOXITIN,CO[C@@]1(NC(=O)Cc2cccs2)C(=O)N2C(C(=O)O)=C(COC(N)=O)CS[C@@H]21
CHEMBL70046,SORIVUDINE,O=c1[nH]c(=O)n([C@@H]2O[C@H](CO)[C@@H](O)[C@@H]2O)cc1/C=C/Br
CHEMBL997,IBANDRONIC ACID,CCCCCN(C)CCC(O)(P(=O)(O)O)P(=O)(O)O
CHEMBL998,LORATADINE,CCOC(=O)N1CCC(=C2c3ccc(Cl)cc3CCc3cccnc32)CC1
CHEMBL305660,EBASTINE,CC(C)(C)c1ccc(C(=O)CCCN2CCC(OC(c3ccccc3)c3ccccc3)CC2)cc1
CHEMBL1000,CETIRIZINE,O=C(O)COCCN1CCN(C(c2ccccc2)c2ccc(Cl)cc2)CC1
CHEMBL70418,CLOBAZAM,CN1C(=O)CC(=O)N(c2ccccc2)c2cc(Cl)ccc21
CHEMBL1002,LEVOSALBUTAMOL,CC(C)(C)NC[C@H](O)c1ccc(O)c(CO)c1
CHEMBL1003,CLAVULANATE POTASSIUM,O=C([O-])[C@H]1/C(=C/CO)O[C@@H]2CC(=O)N21.[K+]
CHEMBL1004,DOXYLAMINE,CN(C)CCOC(C)(c1ccccc1)c1ccccn1
CHEMBL70972,SERATRODAST,CC1=C(C)C(=O)C(C(CCCCCC(=O)O)c2ccccc2)=C(C)C1=O
CHEMBL1005,REMIFENTANIL,CCC(=O)N(c1ccccc1)C1(C(=O)OC)CCN(CCC(=O)OC)CC1
CHEMBL70927,DEFERIPRONE,Cc1c(O)c(=O)ccn1C
CHEMBL1006,AMIFOSTINE,NCCCNCCSP(=O)(O)O
CHEMBL1007,GONADORELIN,CC(C)C[C@H](NC(=O)CNC(=O)[C@H](Cc1ccc(O)cc1)NC(=O)[C@H](CO)NC(=O)[C@H](Cc1c[nH]c2ccccc12)NC(=O)[C@H](Cc1cnc[nH]1)NC(=O)[C@@H]1CCC(=O)N1)C(=O)N[C@@H](CCCNC(=N)N)C(=O)N1CCC[C@H]1C(=O)NCC(N)=O
CHEMBL1008,BEPRIDIL,CC(C)COCC(CN(Cc1ccccc1)c1ccccc1)N1CCCC1
CHEMBL1009,LEVODOPA,N[C@@H](Cc1ccc(O)c(O)c1)C(=O)O
CHEMBL1010,CEFOTAXIME SODIUM,CO/N=C(\C(=O)N[C@@H]1C(=O)N2C(C(=O)[O-])=C(COC(C)=O)CS[C@H]12)c1csc(N)n1.[Na+]
CHEMBL308954,ETRAVIRINE,Cc1cc(C#N)cc(C)c1Oc1nc(Nc2ccc(C#N)cc2)nc(N)c1Br
CHEMBL306700,VILOXAZINE,CCOc1ccccc1OCC1CNCCO1
CHEMBL1013,LORACARBEF ANHYDROUS,N[C@@H](C(=O)N[C@@H]1C(=O)N2C(C(=O)O)=C(Cl)CC[C@H]12)c1ccccc1
CHEMBL74632,MOXALACTAM,CO[C@@]1(NC(=O)C(C(=O)O)c2ccc(O)cc2)C(=O)N2C(C(=O)O)=C(CSc3nnnn3C)CO[C@@H]21
CHEMBL1014,CANDESARTAN CILEXETIL,CCOc1nc2cccc(C(=O)OC(C)OC(=O)OC3CCCCC3)c2n1Cc1ccc(-c2ccccc2-c2nn[nH]n2)cc1
CHEMBL1015,EVANS BLUE FREE ACID,Cc1cc(-c2ccc(/N=N/c3ccc4c(S(=O)(=O)O)cc(S(=O)(=O)O)c(N)c4c3O)c(C)c2)ccc1/N=N/c1ccc2c(S(=O)(=O)O)cc(S(=O)(=O)O)c(N)c2c1O
CHEMBL1017,TELMISARTAN,CCCc1nc2c(C)cc(-c3nc4ccccc4n3C)cc2n1Cc1ccc(-c2ccccc2C(=O)O)cc1
CHEMBL1018,DIENESTROL,C/C=C(C(=C/C)/c1ccc(O)cc1)\c1ccc(O)cc1
CHEMBL75435,DEXKETOPROFEN,C[C@H](C(=O)O)c1cccc(C(=O)c2ccccc2)c1
CHEMBL73234,CARBETAPENTANE,CCN(CC)CCOCCOC(=O)C1(c2ccccc2)CCCC1
CHEMBL1020,TOLMETIN,Cc1ccc(C(=O)c2ccc(CC(=O)O)n2C)cc1
CHEMBL1021,NEPAFENAC,NC(=O)Cc1cccc(C(=O)c2ccccc2)c1N
CHEMBL75880,PERHEXILINE,C1CCC(C(CC2CCCCN2)C2CCCCC2)CC1
CHEMBL1023,BEXAROTENE,C=C(c1ccc(C(=O)O)cc1)c1cc2c(cc1C)C(C)(C)CCC2(C)C
CHEMBL1024,IFOSFAMIDE,O=P1(NCCCl)OCCCN1CCCl
CHEMBL1025,ISOFLUROPHATE,CC(C)OP(=O)(F)OC(C)C
CHEMBL1026,FENOLDOPAM MESYLATE,CS(=O)(=O)O.Oc1ccc(C2CNCCc3c2cc(O)c(O)c3Cl)cc1
CHEMBL1027,TIAGABINE,Cc1ccsc1C(=CCCN1CCC[C@@H](C(=O)O)C1)c1sccc1C
CHEMBL76370,TEGASEROD,CCCCCNC(=N)N/N=C/c1c[nH]c2ccc(OC)cc12
CHEMBL431770,ISTRADEFYLLINE,CCn1c(=O)c2c(nc(/C=C/c3ccc(OC)c(OC)c3)n2C)n(CC)c1=O
CHEMBL1029,MIGLUSTAT,CCCCN1C[C@H](O)[C@@H](O)[C@H](O)[C@H]1CO
CHEMBL1034,DICLOFENAC SODIUM,O=C([O-])Cc1ccccc1Nc1c(Cl)cccc1Cl.[Na+]
CHEMBL1037,GUANADREL,N=C(N)NCC1COC2(CCCCC2)O1
CHEMBL1040,CALCIFEDIOL ANHYDROUS,C=C1CC[C@H](O)C/C1=C/C=C1\CCC[C@]2(C)[C@@H]([C@H](C)CCCC(C)(C)O)CC[C@@H]12
CHEMBL1042,CHOLECALCIFEROL,C=C1CC[C@H](O)C/C1=C/C=C1\CCC[C@]2(C)[C@@H]([C@H](C)CCCC(C)C)CC[C@@H]12
CHEMBL1043,DAPSONE,Nc1ccc(S(=O)(=O)c2ccc(N)cc2)cc1
CHEMBL1046,AMINOCAPROIC ACID,NCCCCCC(=O)O
CHEMBL421701,DITHIAZANINE IODIDE,CCN1/C(=C/C=C/C=C/c2sc3ccccc3[n+]2CC)Sc2ccccc21.[I-]
CHEMBL311498,CIANIDANOL,Oc1cc(O)c2c(c1)O[C@H](c1ccc(O)c(O)c1)[C@@H](O)C2
CHEMBL420762,MOZAVAPTAN,Cc1ccccc1C(=O)Nc1ccc(C(=O)N2CCCC(N(C)C)c3ccccc32)cc1
CHEMBL1051,LATANOPROST,CC(C)OC(=O)CCC/C=C\C[C@@H]1[C@@H](CC[C@@H](O)CCc2ccccc2)[C@H](O)C[C@@H]1O
CHEMBL1054,TRICHLORMETHIAZIDE,NS(=O)(=O)c1cc2c(cc1Cl)NC(C(Cl)Cl)NS2(=O)=O
CHEMBL1055,CHLORTHALIDONE,NS(=O)(=O)c1cc(C2(O)NC(=O)c3ccccc32)ccc1Cl
CHEMBL316157,CEPHALORIDINE,O=C(Cc1cccs1)N[C@@H]1C(=O)N2C(C(=O)[O-])=C(C[n+]3ccccc3)CS[C@H]12
CHEMBL1057,FLUORESCEIN,O=C1OC2(c3ccc(O)cc3Oc3cc(O)ccc32)c2ccccc21
CHEMBL1059,PREGABALIN,CC(C)C[C@H](CN)CC(=O)O
CHEMBL1060,"SODIUM PHOSPHATE, DIBASIC, ANHYDROUS",O=P([O-])([O-])O.[Na+].[Na+]
CHEMBL1064,SIMVASTATIN,CCC(C)(C)C(=O)O[C@H]1C[C@@H](C)C=C2C=C[C@H](C)[C@H](CC[C@@H]3C[C@@H](O)CC(=O)O3)[C@H]21
CHEMBL83063,RITODRINE,CC(NCCc1ccc(O)cc1)C(O)c1ccc(O)cc1
CHEMBL1065,METHYSERGIDE,CC[C@@H](CO)NC(=O)[C@@H]1C=C2c3cccc4c3c(cn4C)C[C@H]2N(C)C1
CHEMBL1068,OXCARBAZEPINE,NC(=O)N1c2ccccc2CC(=O)c2ccccc21
CHEMBL1069,VALSARTAN,CCCCC(=O)N(Cc1ccc(-c2ccccc2-c2nnn[nH]2)cc1)[C@H](C(=O)O)C(C)C
CHEMBL315838,ENCAINIDE,COc1ccc(C(=O)Nc2ccccc2CCC2CCCCN2C)cc1
CHEMBL86304,MOCLOBEMIDE,O=C(NCCN1CCOCC1)c1ccc(Cl)cc1
CHEMBL85231,MEDIFOXAMINE,CN(C)CC(Oc1ccccc1)Oc1ccccc1
CHEMBL1070,NABUMETONE,COc1ccc2cc(CCC(C)=O)ccc2c1
CHEMBL1071,OXAPROZIN,O=C(O)CCc1nc(-c2ccccc2)c(-c2ccccc2)o1
CHEMBL86715,PROCYCLIDINE,OC(CCN1CCCC1)(c1ccccc1)C1CCCCC1
CHEMBL1072,BUMETANIDE,CCCCNc1cc(C(=O)O)cc(S(N)(=O)=O)c1Oc1ccccc1
CHEMBL1073,GLIPIZIDE,Cc1cnc(C(=O)NCCc2ccc(S(=O)(=O)NC(=O)NC3CCCCC3)cc2)cn1
CHEMBL87493,FENFLURAMINE,CCNC(C)Cc1cccc(C(F)(F)F)c1
CHEMBL1075,MORICIZINE,CCOC(=O)Nc1ccc2c(c1)N(C(=O)CCN1CCOCC1)c1ccccc1S2
CHEMBL87992,ESLICARBAZEPINE ACETATE,CC(=O)O[C@H]1Cc2ccccc2N(C(N)=O)c2ccccc21
CHEMBL1077,BROMFENAC,Nc1c(CC(=O)O)cccc1C(=O)c1ccc(Br)cc1
CHEMBL1079,TIZANIDINE,Clc1ccc2nsnc2c1NC1=NCCN1
CHEMBL89598,VIGABATRIN,C=CC(N)CCC(=O)O
CHEMBL90555,VINCRISTINE,CC[C@]1(O)C[C@H]2CN(CCc3c([nH]c4ccccc34)[C@@](C(=O)OC)(c3cc4c(cc3OC)N(C=O)[C@H]3[C@@](O)(C(=O)OC)[C@H](OC(C)=O)[C@]5(CC)C=CCN6CC[C@]43[C@@H]65)C2)C1
CHEMBL1082,AMOXICILLIN,CC1(C)S[C@@H]2[C@H](NC(=O)[C@H](N)c3ccc(O)cc3)C(=O)N2[C@H]1C(=O)O
CHEMBL313972,MASOPROCOL,C[C@H](Cc1ccc(O)c(O)c1)[C@@H](C)Cc1ccc(O)c(O)c1
CHEMBL314854,FINGOLIMOD,CCCCCCCCc1ccc(CCC(N)(CO)CO)cc1
CHEMBL91397,RUPATADINE,Cc1cncc(CN2CCC(=C3c4ccc(Cl)cc4CCc4cccnc43)CC2)c1
CHEMBL1085,ACETOPHENAZINE,CC(=O)c1ccc2c(c1)N(CCCN1CCN(CCO)CC1)c1ccccc1S2
CHEMBL1086,DIBUCAINE,CCCCOc1cc(C(=O)NCCN(CC)CC)c2ccccc2n1
CHEMBL1087,MEPIVACAINE,Cc1cccc(C)c1NC(=O)C1CCCCN1C
CHEMBL1088,MESORIDAZINE,CN1CCCCC1CCN1c2ccccc2Sc2ccc([S+](C)[O-])cc21
CHEMBL1089,PHENELZINE,NNCCc1ccccc1
CHEMBL1090,VIDARABINE,Nc1ncnc2c1ncn2[C@@H]1O[C@H](CO)[C@@H](O)[C@@H]1O
CHEMBL90593,PRASTERONE,C[C@]12CC[C@H](O)CC1=CC[C@@H]1[C@@H]2CC[C@]2(C)C(=O)CC[C@@H]12
CHEMBL1091,HYDROCORTISONE ACETATE,CC(=O)OCC(=O)[C@@]1(O)CC[C@H]2[C@@H]3CCC4=CC(=O)CC[C@]4(C)[C@H]3[C@@H](O)C[C@@]21C
CHEMBL1092,TRIHEXYPHENIDYL HYDROCHLORIDE,Cl.OC(CCN1CCCCC1)(c1ccccc1)C1CCCCC1
CHEMBL1093,ARTICAINE,CCCNC(C)C(=O)Nc1c(C)csc1C(=O)OC
CHEMBL1094,FELBAMATE,NC(=O)OCC(COC(N)=O)c1ccccc1
CHEMBL1095,ETHOTOIN,CCN1C(=O)NC(c2ccccc2)C1=O
CHEMBL1096,AMLEXANOX,CC(C)c1ccc2oc3nc(N)c(C(=O)O)cc3c(=O)c2c1
CHEMBL94081,ALCLOFENAC,C=CCOc1ccc(CC(=O)O)cc1Cl
CHEMBL1098,BUPIVACAINE,CCCCN1CCCCC1C(=O)Nc1c(C)cccc1C
CHEMBL93268,SODIUM NITRITE,O=N[O-].[Na+]
CHEMBL1100,PARAMETHADIONE,CCC1(C)OC(=O)N(C)C1=O
CHEMBL1101,BIPERIDEN,OC(CCN1CCCCC1)(c1ccccc1)C1CC2C=CC1C2
CHEMBL1102,GLUTETHIMIDE,CCC1(c2ccccc2)CCC(=O)NC1=O
CHEMBL1103,FURAZOLIDONE,O=C1OCCN1/N=C/c1ccc([N+](=O)[O-])o1
CHEMBL1104,EDROPHONIUM,CC[N+](C)(C)c1cccc(O)c1
CHEMBL1106,EPINASTINE,NC1=NCC2c3ccccc3Cc3ccccc3N12
CHEMBL1107,HALOFANTRINE,CCCCN(CCCC)CCC(O)c1cc2c(Cl)cc(Cl)cc2c2cc(C(F)(F)F)ccc12
CHEMBL1108,DROPERIDOL,O=C(CCCN1CC=C(n2c(=O)[nH]c3ccccc32)CC1)c1ccc(F)cc1
CHEMBL94454,MIZOLASTINE,CN(c1nccc(=O)[nH]1)C1CCN(c2nc3ccccc3n2Cc2ccc(F)cc2)CC1
CHEMBL1109,SULFAPHENAZOLE,Nc1ccc(S(=O)(=O)Nc2ccnn2-c2ccccc2)cc1
CHEMBL1110,ALOSETRON,Cc1[nH]cnc1CN1CCc2c(c3ccccc3n2C)C1=O
CHEMBL94394,BUFEXAMAC,CCCCOc1ccc(CC(=O)NO)cc1
CHEMBL316561,PROGLUMIDE,CCCN(CCC)C(=O)C(CCC(=O)O)NC(=O)c1ccccc1
CHEMBL1111,AMBRISENTAN,COC(c1ccccc1)(c1ccccc1)[C@H](Oc1nc(C)cc(C)n1)C(=O)O
CHEMBL1112,ARIPIPRAZOLE,O=C1CCc2ccc(OCCCCN3CCN(c4cccc(Cl)c4Cl)CC3)cc2N1
CHEMBL1113,AMOXAPINE,Clc1ccc2c(c1)C(N1CCNCC1)=Nc1ccccc1O2
CHEMBL1115,PYRIDOSTIGMINE,CN(C)C(=O)Oc1ccc[n+](C)c1
CHEMBL1116,RALOXIFENE HYDROCHLORIDE,Cl.O=C(c1ccc(OCCN2CCCCC2)cc1)c1c(-c2ccc(O)cc2)sc2cc(O)ccc12
CHEMBL1117,IDARUBICIN,CC(=O)[C@]1(O)Cc2c(O)c3c(c(O)c2[C@@H](O[C@H]2C[C@H](N)[C@H](O)[C@H](C)O2)C1)C(=O)c1ccccc1C3=O
CHEMBL95889,BETAINE,C[N+](C)(C)CC(=O)O
CHEMBL1118,DESVENLAFAXINE,CN(C)CC(c1ccc(O)cc1)C1(O)CCCCC1
CHEMBL319144,MINODRONIC ACID,O=P(O)(O)C(O)(Cc1cnc2ccccn12)P(=O)(O)O
CHEMBL328190,LASOFOXIFENE,Oc1ccc2c(c1)CC[C@H](c1ccccc1)[C@@H]2c1ccc(OCCN2CCCC2)cc1
CHEMBL317052,REGADENOSON ANHYDROUS,CNC(=O)c1cnn(-c2nc(N)c3ncn([C@@H]4O[C@H](CO)[C@@H](O)[C@H]4O)c3n2)c1
CHEMBL329522,EXIFONE,O=C(c1cc(O)c(O)c(O)c1)c1ccc(O)c(O)c1O
CHEMBL99946,LEVOMILNACIPRAN,CCN(CC)C(=O)[C@@]1(c2ccccc2)C[C@H]1CN
CHEMBL1121,SINCALIDE,CSCC[C@H](NC(=O)[C@H](Cc1ccc(OS(=O)(=O)O)cc1)NC(=O)[C@@H](N)CC(=O)O)C(=O)NCC(=O)N[C@@H](Cc1c[nH]c2ccccc12)C(=O)N[C@@H](CCSC)C(=O)N[C@@H](CC(=O)O)C(=O)N[C@@H](Cc1ccccc1)C(N)=O
CHEMBL317094,IMIDAPRIL,CCOC(=O)[C@H](CCc1ccccc1)N[C@@H](C)C(=O)N1C(=O)N(C)C[C@H]1C(=O)O
CHEMBL100116,PENTAZOCINE,CC(C)=CCN1CCC2(C)c3cc(O)ccc3CC1C2C
CHEMBL1123,DICYCLOMINE,CCN(CC)CCOC(=O)C1(C2CCCCC2)CCCCC1
CHEMBL1126,PENICILLIN G SODIUM,CC1(C)S[C@@H]2[C@H](NC(=O)Cc3ccccc3)C(=O)N2[C@H]1C(=O)[O-].[Na+]
CHEMBL1128,EDROPHONIUM CHLORIDE,CC[N+](C)(C)c1cccc(O)c1.[Cl-]
CHEMBL1129,TRIFLURIDINE,O=c1[nH]c(=O)n([C@H]2C[C@H](O)[C@@H](CO)O2)cc1C(F)(F)F
CHEMBL1131,ACITRETIN,COc1cc(C)c(/C=C/C(C)=C/C=C/C(C)=C/C(=O)O)c(C)c1C
CHEMBL1133,OXYBUTYNIN CHLORIDE,CCN(CC)CC#CCOC(=O)C(O)(c1ccccc1)C1CCCCC1.Cl
CHEMBL1134,DECAMETHONIUM BROMIDE,C[N+](C)(C)CCCCCCCCCC[N+](C)(C)C.[Br-].[Br-]
CHEMBL1136,TELITHROMYCIN,CC[C@H]1OC(=O)[C@H](C)C(=O)[C@H](C)[C@@H](O[C@@H]2O[C@H](C)C[C@H](N(C)C)[C@H]2O)[C@](C)(OC)C[C@@H](C)C(=O)[C@H](C)[C@H]2N(CCCCn3cnc(-c4cccnc4)c3)C(=O)O[C@]12C
CHEMBL1138,EZETIMIBE,O=C1[C@H](CC[C@H](O)c2ccc(F)cc2)[C@@H](c2ccc(O)cc2)N1c1ccc(F)cc1
CHEMBL1139,EPOPROSTENOL,CCCCC[C@H](O)/C=C/[C@@H]1[C@H]2C/C(=C/CCCC(=O)O)O[C@H]2C[C@H]1O
CHEMBL1140,NIACINAMIDE,NC(=O)c1cccnc1
CHEMBL418995,AMINEPTINE,O=C(O)CCCCCCNC1c2ccccc2CCc2ccccc21
CHEMBL106258,AMINOREX,NC1=NCC(c2ccccc2)O1
CHEMBL110458,MIGALASTAT,OC[C@H]1NC[C@H](O)[C@@H](O)[C@H]1O
CHEMBL108545,METHYL SALICYLATE,COC(=O)c1ccccc1O
CHEMBL1141,POTASSIUM IODIDE,[I-].[K+]
CHEMBL1144,PRAVASTATIN,CC[C@H](C)C(=O)O[C@H]1C[C@H](O)C=C2C=C[C@H](C)[C@H](CC[C@@H](O)C[C@@H](O)CC(=O)O)[C@H]21
CHEMBL1148,TORSEMIDE,Cc1cccc(Nc2ccncc2S(=O)(=O)NC(=O)NC(C)C)c1
CHEMBL1149,LEVOCARNITINE,C[N+](C)(C)C[C@H](O)CC(=O)[O-]
CHEMBL1152,PREDNISOLONE ACETATE,CC(=O)OCC(=O)[C@@]1(O)CC[C@H]2[C@@H]3CCC4=CC(=O)C=C[C@]4(C)[C@H]3[C@@H](O)C[C@@]21C
CHEMBL110691,CHLORMADINONE ACETATE,CC(=O)O[C@]1(C(C)=O)CC[C@H]2[C@@H]3C=C(Cl)C4=CC(=O)CC[C@]4(C)[C@H]3CC[C@@]21C
CHEMBL113178,SELENOMETHIONINE,C[Se]CC[C@H](N)C(=O)O
CHEMBL1159,PINACIDIL ANHYDROUS,CC(N/C(=N\C#N)Nc1ccncc1)C(C)(C)C
CHEMBL1161,MOMETASONE FUROATE,C[C@@H]1C[C@H]2[C@@H]3CCC4=CC(=O)C=C[C@]4(C)[C@@]3(Cl)[C@@H](O)C[C@]2(C)[C@@]1(OC(=O)c1ccco1)C(=O)CCl
CHEMBL1162,NORETHINDRONE,C#C[C@]1(O)CC[C@H]2[C@@H]3CCC4=CC(=O)CC[C@@H]4[C@H]3CC[C@@]21C
CHEMBL1163,ATAZANAVIR,COC(=O)N[C@H](C(=O)N[C@@H](Cc1ccccc1)[C@@H](O)CN(Cc1ccc(-c2ccccn2)cc1)NC(=O)[C@@H](NC(=O)OC)C(C)(C)C)C(C)(C)C
CHEMBL1165,MOEXIPRIL,CCOC(=O)[C@H](CCc1ccccc1)N[C@@H](C)C(=O)N1Cc2cc(OC)c(OC)cc2C[C@H]1C(=O)O
CHEMBL1166,ARGATROBAN,CC1CNc2c(cccc2S(=O)(=O)N[C@@H](CCCNC(=N)N)C(=O)N2CC[C@@H](C)C[C@@H]2C(=O)O)C1
CHEMBL1167,SPECTINOMYCIN,CN[C@@H]1[C@H](O)[C@H](NC)[C@H]2O[C@@]3(O)C(=O)C[C@@H](C)O[C@H]3O[C@@H]2[C@H]1O
CHEMBL1168,RAMIPRIL,CCOC(=O)[C@H](CCc1ccccc1)N[C@@H](C)C(=O)N1[C@H](C(=O)O)C[C@@H]2CCC[C@@H]21
CHEMBL419213,LISINOPRIL,NCCCC[C@H](N[C@@H](CCc1ccccc1)C(=O)O)C(=O)N1CCC[C@H]1C(=O)O.O.O
CHEMBL1169,AMINOSALICYLIC ACID,Nc1ccc(C(=O)O)c(O)c1
CHEMBL1170,TESTOSTERONE PROPIONATE,CCC(=O)O[C@H]1CC[C@H]2[C@@H]3CCC4=CC(=O)CC[C@]4(C)[C@H]3CC[C@]12C
CHEMBL117287,PRUCALOPRIDE,COCCCN1CCC(NC(=O)c2cc(Cl)c(N)c3c2OCC3)CC1
CHEMBL1172,DESLORATADINE,Clc1ccc2c(c1)CCc1cccnc1C2=C1CCNCC1
CHEMBL1174,EPTIFIBATIDE,N=C(N)NCCCC[C@@H]1NC(=O)CCSSC[C@@H](C(N)=O)NC(=O)[C@@H]2CCCN2C(=O)[C@H](Cc2c[nH]c3ccccc23)NC(=O)[C@H](CC(=O)O)NC(=O)CNC1=O
CHEMBL333826,DEQUALINIUM,Cc1cc(N)c2ccccc2[n+]1CCCCCCCCCC[n+]1c(C)cc(N)c2ccccc21
CHEMBL1175,DULOXETINE,CNCC[C@H](Oc1cccc2ccccc12)c1cccs1
CHEMBL1177,PEMOLINE,NC1=NC(=O)C(c2ccccc2)O1
CHEMBL117785,TETRABENAZINE,COc1cc2c(cc1OC)C1CC(=O)C(CC(C)C)CN1CC2
CHEMBL71595,HYDROGEN PEROXIDE,OO
CHEMBL1184,ACETYLCHOLINE CHLORIDE,CC(=O)OCC[N+](C)(C)C.[Cl-]
CHEMBL1185,ZOLMITRIPTAN,CN(C)CCc1c[nH]c2ccc(C[C@H]3COC(=O)N3)cc12
CHEMBL1187,PHOSPHORIC ACID,O=P(O)(O)O
CHEMBL121663,DEQUALINIUM CHLORIDE,Cc1cc(N)c2ccccc2[n+]1CCCCCCCCCC[n+]1c(C)cc(N)c2ccccc21.[Cl-].[Cl-]
CHEMBL1190,DECAMETHONIUM,C[N+](C)(C)CCCCCCCCCC[N+](C)(C)C
CHEMBL339427,TUBOCURARINE,COc1cc2c3cc1Oc1cc(ccc1O)C[C@@H]1c4c(cc(OC)c(O)c4Oc4ccc(cc4)C[C@@H]3N(C)CC2)CC[N+]1(C)C
CHEMBL338802,SULFAGUANIDINE,N=C(N)NS(=O)(=O)c1ccc(N)cc1
CHEMBL1191,SULFAMETHIZOLE,Cc1nnc(NS(=O)(=O)c2ccc(N)cc2)s1
CHEMBL1193,PHENIRAMINE,CN(C)CCC(c1ccccc1)c1ccccn1
CHEMBL1194,PRILOCAINE,CCCNC(C)C(=O)Nc1ccccc1C
CHEMBL1195,PROPOXYCAINE,CCCOc1cc(N)ccc1C(=O)OCCN(CC)CC
CHEMBL1196,PROPARACAINE,CCCOc1ccc(C(=O)OCCN(CC)CC)cc1N
CHEMBL1197,HEXYLCAINE,CC(CNC1CCCCC1)OC(=O)c1ccccc1
CHEMBL1198,PRAMOXINE,CCCCOc1ccc(OCCCN2CCOCC2)cc1
CHEMBL1200,BENOXINATE,CCCCOc1cc(C(=O)OCCN(CC)CC)ccc1N
CHEMBL1201,THIOTHIXENE,CN1CCN(CC/C=C2/c3ccccc3Sc3ccc(S(=O)(=O)N(C)C)cc32)CC1
CHEMBL127516,BUTAMBEN,CCCCOC(=O)c1ccc(N)cc1
CHEMBL1202,CIPROFLOXACIN HYDROCHLORIDE,Cl.O=C(O)c1cn(C2CC2)c2cc(N3CCNCC3)c(F)cc2c1=O
CHEMBL1205,NELFINAVIR MESYLATE,CS(=O)(=O)O.Cc1c(O)cccc1C(=O)N[C@@H](CSc1ccccc1)[C@H](O)CN1C[C@H]2CCCC[C@H]2C[C@H]1C(=O)NC(C)(C)C
CHEMBL1206,ETHOPROPAZINE,CCN(CC)C(C)CN1c2ccccc2Sc2ccccc21
CHEMBL1208,CINOXACIN,CCn1nc(C(=O)O)c(=O)c2cc3c(cc21)OCO3
CHEMBL334966,CANGRELOR,CSCCNc1nc(SCCC(F)(F)F)nc2c1ncn2[C@@H]1O[C@H](COP(=O)(O)OP(=O)(O)C(Cl)(Cl)P(=O)(O)O)[C@@H](O)[C@H]1O
CHEMBL1214,CARBENICILLIN,CC1(C)S[C@@H]2[C@H](NC(=O)C(C(=O)O)c3ccccc3)C(=O)N2[C@H]1C(=O)O
CHEMBL340978,BENOXAPROFEN,CC(C(=O)O)c1ccc2oc(-c3ccc(Cl)cc3)nc2c1
CHEMBL1215,PHENYLEPHRINE,CNC[C@H](O)c1cccc(O)c1
CHEMBL1218,RAMELTEON,CCC(=O)NCC[C@@H]1CCc2ccc3c(c21)CCO3
CHEMBL1219,RABEPRAZOLE,COCCCOc1ccnc(C[S+]([O-])c2nc3ccccc3[nH]2)c1C
CHEMBL1220,TINIDAZOLE,CCS(=O)(=O)CCn1c([N+](=O)[O-])cnc1C
CHEMBL1221,SULCONAZOLE,Clc1ccc(CSC(Cn2ccnc2)c2ccc(Cl)cc2Cl)cc1
CHEMBL135400,ZOPICLONE,CN1CCN(C(=O)OC2c3nccnc3C(=O)N2c2ccc(Cl)cn2)CC1
CHEMBL1223,PENICILLIN G POTASSIUM,CC1(C)S[C@@H]2[C@H](NC(=O)Cc3ccccc3)C(=O)N2[C@H]1C(=O)[O-].[K+]
CHEMBL1224,ACRIVASTINE,Cc1ccc(/C(=C\CN2CCCC2)c2cccc(/C=C/C(=O)O)n2)cc1
CHEMBL344159,TOLVAPTAN,Cc1ccccc1C(=O)Nc1ccc(C(=O)N2CCCC(O)c3cc(Cl)ccc32)c(C)c1
CHEMBL1228,OXYPHENBUTAZONE ANHYDROUS,CCCCC1C(=O)N(c2ccccc2)N(c2ccc(O)cc2)C1=O
CHEMBL1229,OSELTAMIVIR,CCOC(=O)C1=C[C@@H](OC(CC)CC)[C@H](NC(C)=O)[C@@H](N)C1
CHEMBL139367,PERAMIVIR ANHYDROUS,CCC(CC)[C@H](NC(C)=O)[C@@H]1[C@H](O)[C@@H](C(=O)O)C[C@H]1NC(=N)N
CHEMBL341812,IBUFENAC,CC(C)Cc1ccc(CC(=O)O)cc1
CHEMBL1231,OXYBUTYNIN,CCN(CC)CC#CCOC(=O)C(O)(c1ccccc1)C1CCCCC1
CHEMBL1232,ERTAPENEM SODIUM,C[C@@H](O)[C@H]1C(=O)N2C(C(=O)[O-])=C(S[C@@H]3CN[C@H](C(=O)Nc4cccc(C(=O)O)c4)C3)[C@H](C)[C@H]12.[Na+]
CHEMBL1233,CARISOPRODOL,CCCC(C)(COC(N)=O)COC(=O)NC(C)C
CHEMBL1234,DEFEROXAMINE MESYLATE,CC(=O)N(O)CCCCCNC(=O)CCC(=O)N(O)CCCCCNC(=O)CCC(=O)N(O)CCCCCN.CS(=O)(=O)O
CHEMBL1237,LISINOPRIL ANHYDROUS,NCCCC[C@H](N[C@@H](CCc1ccccc1)C(=O)O)C(=O)N1CCC[C@H]1C(=O)O
CHEMBL1238,AZELAIC ACID,O=C(O)CCCCCCCC(=O)O
CHEMBL1239,BENZYL BENZOATE,O=C(OCc1ccccc1)c1ccccc1
CHEMBL1240,PROPANTHELINE BROMIDE,CC(C)[N+](C)(CCOC(=O)C1c2ccccc2Oc2ccccc21)C(C)C.[Br-]
CHEMBL1241,TRIPELENNAMINE,CN(C)CCN(Cc1ccccc1)c1ccccn1
CHEMBL1242,PHENAZOPYRIDINE,Nc1ccc(/N=N/c2ccccc2)c(N)n1
CHEMBL141305,CYCLOFENIL,CC(=O)Oc1ccc(C(=C2CCCCC2)c2ccc(OC(C)=O)cc2)cc1
CHEMBL139877,SULFACARBAMIDE,NC(=O)NS(=O)(=O)c1ccc(N)cc1
CHEMBL1243,SULFABENZAMIDE,Nc1ccc(S(=O)(=O)NC(=O)c2ccccc2)cc1
CHEMBL142703,VILDAGLIPTIN,N#C[C@@H]1CCCN1C(=O)CNC12CC3CC(CC(O)(C3)C1)C2
CHEMBL1245,TRIMETHAPHAN CAMSYLATE,CC1(C)C2CCC1(CS(=O)(=O)[O-])C(=O)C2.O=C1N(Cc2ccccc2)C2C[S+]3CCCC3C2N1Cc1ccccc1
CHEMBL1251,GANIRELIX,CC/N=C(\NCC)NCCCC[C@H](NC(=O)[C@H](CC(C)C)NC(=O)[C@@H](CCCCN/C(=N/CC)NCC)NC(=O)[C@H](Cc1ccc(O)cc1)NC(=O)[C@H](CO)NC(=O)[C@@H](Cc1cccnc1)NC(=O)[C@@H](Cc1ccc(Cl)cc1)NC(=O)[C@@H](Cc1ccc2ccccc2c1)NC(C)=O)C(=O)N1CCC[C@H]1C(=O)N[C@H](C)C(N)=O
CHEMBL142635,NAFTOPIDIL,COc1ccccc1N1CCN(CC(O)COc2cccc3ccccc23)CC1
CHEMBL415606,DEGARELIX,CC(=O)N[C@H](Cc1ccc2ccccc2c1)C(=O)N[C@H](Cc1ccc(Cl)cc1)C(=O)N[C@H](Cc1cccnc1)C(=O)N[C@@H](CO)C(=O)N[C@@H](Cc1ccc(NC(=O)[C@@H]2CC(=O)NC(=O)N2)cc1)C(=O)N[C@H](Cc1ccc(NC(N)=O)cc1)C(=O)N[C@@H](CC(C)C)C(=O)N[C@@H](CCCCNC(C)C)C(=O)N1CCC[C@H]1C(=O)N[C@H](C)C(N)=O
CHEMBL1252,ABARELIX,CC(=O)N[C@H](Cc1ccc2ccccc2c1)C(=O)N[C@H](Cc1ccc(Cl)cc1)C(=O)N[C@H](Cc1cccnc1)C(=O)N[C@@H](CO)C(=O)N(C)[C@@H](Cc1ccc(O)cc1)C(=O)N[C@H](CC(N)=O)C(=O)N[C@@H](CC(C)C)C(=O)N[C@@H](CCCCNC(C)C)C(=O)N1CCC[C@H]1C(=O)N[C@H](C)C(N)=O
CHEMBL1256,ISOFLURANE,FC(F)OC(Cl)C(F)(F)F
CHEMBL142438,NITROGEN,N#N
CHEMBL1257,ENFLURANE,FC(F)OC(F)(F)C(F)Cl
CHEMBL1259,METOCURINE,COc1ccc2cc1Oc1cc3c(cc1OC)CC[N+](C)(C)[C@H]3Cc1ccc(cc1)Oc1c(OC)c(OC)cc3c1[C@@H](C2)[N+](C)(C)CC3
CHEMBL1261,CITRIC ACID,O=C(O)CC(O)(CC(=O)O)C(=O)O
CHEMBL1262,OXICONAZOLE,Clc1ccc(CO/N=C(\Cn2ccnc2)c2ccc(Cl)cc2Cl)c(Cl)c1
CHEMBL1263,SALMETEROL,OCc1cc(C(O)CNCCCCCCOCCCCc2ccccc2)ccc1O
CHEMBL1265,ADAPALENE,COc1ccc(-c2ccc3cc(C(=O)O)ccc3c2)cc1C12CC3CC(CC(C3)C1)C2
CHEMBL146095,GLAFENINE,O=C(OCC(O)CO)c1ccccc1Nc1ccnc2cc(Cl)ccc12
CHEMBL1266,TETRAHYDROZOLINE,c1ccc2c(c1)CCCC2C1=NCCN1
CHEMBL343448,ROMIDEPSIN,C/C=C1\NC(=O)[C@H]2CSSCC/C=C/[C@H](CC(=O)N[C@H](C(C)C)C(=O)N2)OC(=O)[C@H](C(C)C)NC1=O
CHEMBL1271,PENTOLINIUM,C[N+]1(CCCCC[N+]2(C)CCCC2)CCCC1
CHEMBL1272,REPAGLINIDE,CCOc1cc(CC(=O)N[C@@H](CC(C)C)c2ccccc2N2CCCCC2)ccc1C(=O)O
CHEMBL1274,NILUTAMIDE,CC1(C)NC(=O)N(c2ccc([N+](=O)[O-])c(C(F)(F)F)c2)C1=O
CHEMBL1275,PERGOLIDE MESYLATE,CCCN1C[C@H](CSC)C[C@@H]2c3cccc4[nH]cc(c34)C[C@H]21.CS(=O)(=O)O
CHEMBL1278,NARATRIPTAN,CNS(=O)(=O)CCc1ccc2[nH]cc(C3CCN(C)CC3)c2c1
CHEMBL1279,FROVATRIPTAN,CN[C@@H]1CCc2[nH]c3ccc(C(N)=O)cc3c2C1
CHEMBL1280,VERAPAMIL HYDROCHLORIDE,COc1ccc(CCN(C)CCCC(C#N)(c2ccc(OC)c(OC)c2)C(C)C)cc1OC.Cl
CHEMBL149972,PHENOBARBITAL SODIUM,CCC1(c2ccccc2)C(=O)N=C([O-])NC1=O.[Na+]
CHEMBL1282,IMIQUIMOD,CC(C)Cn1cnc2c(N)nc3ccccc3c21
CHEMBL348000,CINCHOPHEN,O=C(O)c1cc(-c2ccccc2)nc2ccccc12
CHEMBL1286,LEVETIRACETAM,CC[C@@H](C(N)=O)N1CCCC1=O
CHEMBL1289,HALOPROGIN,Clc1cc(Cl)c(OCC#CI)cc1Cl
CHEMBL1290,PENBUTOLOL,CC(C)(C)NC[C@H](O)COc1ccccc1C1CCCC1
CHEMBL345524,ANTRAFENINE,O=C(OCCN1CCN(c2cccc(C(F)(F)F)c2)CC1)c1ccccc1Nc1ccnc2cc(C(F)(F)F)ccc12
CHEMBL152684,BECLOBRATE,CCOC(=O)C(C)(CC)Oc1ccc(Cc2ccc(Cl)cc2)cc1
CHEMBL1291,METIPRANOLOL,CC(=O)Oc1c(C)cc(OCC(O)CNC(C)C)c(C)c1C
CHEMBL1292,CLOFAZIMINE,CC(C)/N=c1\cc2n(-c3ccc(Cl)cc3)c3ccccc3nc-2cc1Nc1ccc(Cl)cc1
CHEMBL1293,BETA CAROTENE,CC1=C(/C=C/C(C)=C/C=C/C(C)=C/C=C/C=C(C)/C=C/C=C(C)/C=C/C2=C(C)CCCC2(C)C)C(C)(C)CCC1
CHEMBL1294,QUINIDINE,C=C[C@H]1CN2CC[C@H]1C[C@@H]2[C@@H](O)c1ccnc2ccc(OC)cc12
CHEMBL1295,BUTOCONAZOLE,Clc1ccc(CCC(Cn2ccnc2)Sc2c(Cl)cccc2Cl)cc1
CHEMBL1296,CEFOTIAM,CN(C)CCn1nnnc1SCC1=C(C(=O)O)N2C(=O)[C@@H](NC(=O)Cc3csc(N)n3)[C@H]2SC1
CHEMBL1297,FENOPROFEN,CC(C(=O)O)c1cccc(Oc2ccccc2)c1
CHEMBL157101,KETOCONAZOLE,CC(=O)N1CCN(c2ccc(OCC3COC(Cn4ccnc4)(c4ccc(Cl)cc4Cl)O3)cc2)CC1
CHEMBL170,QUININE,C=C[C@H]1CN2CC[C@H]1C[C@H]2[C@H](O)c1ccnc2ccc(OC)cc12
CHEMBL346235,DIAMTHAZOLE DIHYDROCHLORIDE,CCN(CC)CCOc1ccc2nc(N(C)C)sc2c1.Cl.Cl
CHEMBL1301,HYDROXYSTILBAMIDINE,N=C(N)c1ccc(/C=C/c2ccc(C(=N)N)cc2O)cc1
CHEMBL1303,ROTIGOTINE,CCCN(CCc1cccs1)[C@H]1CCc2c(O)cccc2C1
CHEMBL1305,ANTAZOLINE,c1ccc(CN(CC2=NCCN2)c2ccccc2)cc1
CHEMBL1308,FOMEPIZOLE,Cc1cn[nH]c1
CHEMBL1311,ISOSORBIDE MONONITRATE,O=[N+]([O-])O[C@@H]1CO[C@H]2[C@@H]1OC[C@@H]2O
CHEMBL1314,TIOPRONIN,CC(S)C(=O)NCC(=O)O
CHEMBL1316,CARPROFEN,CC(C(=O)O)c1ccc2c(c1)[nH]c1ccc(Cl)cc12
CHEMBL159226,MOXISYLYTE,CC(=O)Oc1cc(C(C)C)c(OCCN(C)C)cc1C
CHEMBL1321,PROCARBAZINE,CNNCc1ccc(C(=O)NC(C)C)cc1
CHEMBL1323,DARUNAVIR,CC(C)CN(C[C@@H](O)[C@H](Cc1ccccc1)NC(=O)O[C@H]1CO[C@H]2OCC[C@H]21)S(=O)(=O)c1ccc(N)cc1
CHEMBL1324,TOLCAPONE,Cc1ccc(C(=O)c2cc(O)c(O)c([N+](=O)[O-])c2)cc1
CHEMBL1328,PENTAGASTRIN,CSCC[C@H](NC(=O)[C@H](Cc1c[nH]c2ccccc12)NC(=O)CCNC(=O)OC(C)(C)C)C(=O)N[C@@H](CC(=O)O)C(=O)N[C@@H](Cc1ccccc1)C(N)=O
CHEMBL1336,SORAFENIB,CNC(=O)c1cc(Oc2ccc(NC(=O)Nc3ccc(Cl)c(C(F)(F)F)c3)cc2)ccn1
CHEMBL168815,CEVIMELINE,CC1OC2(CS1)CN1CCC2CC1
CHEMBL167731,PIXANTRONE,NCCNc1ccc(NCCN)c2c1C(=O)c1ccncc1C2=O
CHEMBL1337,NITISINONE,O=C1CCCC(=O)C1C(=O)c1ccc(C(F)(F)F)cc1[N+](=O)[O-]
CHEMBL170988,PHENFORMIN,N=C(N)NC(=N)NCCc1ccccc1
CHEMBL354077,AMIFAMPRIDINE,Nc1ccncc1N
CHEMBL354541,LOMITAPIDE,O=C(NC1CCN(CCCCC2(C(=O)NCC(F)(F)F)c3ccccc3-c3ccccc32)CC1)c1ccccc1-c1ccc(C(F)(F)F)cc1
CHEMBL1339,VARDENAFIL HYDROCHLORIDE,CCCc1nc(C)c2c(O)nc(-c3cc(S(=O)(=O)N4CCN(CC)CC4)ccc3OCC)nn12.Cl
CHEMBL1341,METHOXYFLURANE,COC(F)(F)C(Cl)Cl
CHEMBL1342,OXYBATE,O=C(O)CCCO
CHEMBL1345,GUANETHIDINE MONOSULFATE,N=C(N)NCCN1CCCCCCC1.O=S(=O)(O)O
CHEMBL1346,DARIFENACIN,NC(=O)C(c1ccccc1)(c1ccccc1)[C@@H]1CCN(CCc2ccc3c(c2)CCO3)C1
CHEMBL175247,ORLISTAT,CCCCCCCCCCC[C@@H](C[C@@H]1OC(=O)[C@H]1CCCCCC)OC(=O)[C@H](CC(C)C)NC=O
CHEMBL175691,RILPIVIRINE,Cc1cc(/C=C/C#N)cc(C)c1Nc1ccnc(Nc2ccc(C#N)cc2)n1
CHEMBL1349,VALACYCLOVIR,CC(C)[C@H](N)C(=O)OCCOCn1cnc2c(=O)nc(N)[nH]c21
CHEMBL539423,SPARSENTAN,CCCCC1=NC2(CCCC2)C(=O)N1Cc1ccc(-c2ccccc2S(=O)(=O)Nc2noc(C)c2C)c(COCC)c1
CHEMBL180022,NERATINIB,CCOc1cc2ncc(C#N)c(Nc3ccc(OCc4ccccn4)c(Cl)c3)c2cc1NC(=O)/C=C/CN(C)C
CHEMBL1350,TILUDRONIC ACID,O=P(O)(O)C(Sc1ccc(Cl)cc1)P(=O)(O)O
CHEMBL178803,BLONANSERIN,CCN1CCN(c2cc(-c3ccc(F)cc3)c3c(n2)CCCCCC3)CC1
CHEMBL360328,LORCASERIN,C[C@H]1CNCCc2ccc(Cl)cc21
CHEMBL361812,RAMATROBAN,O=C(O)CCn1c2c(c3ccccc31)C[C@H](NS(=O)(=O)c1ccc(F)cc1)CC2
CHEMBL1353,SODIUM BICARBONATE,O=C([O-])O.[Na+]
CHEMBL1354,SODIUM ACETATE,CC(=O)[O-].[Na+]
CHEMBL1355,SODIUM CITRATE,O=C([O-])CC(O)(CC(=O)[O-])C(=O)[O-].[Na+].[Na+].[Na+]
CHEMBL1356,SODIUM BENZOATE,O=C([O-])c1ccccc1.[Na+]
CHEMBL1357,SODIUM LACTATE,CC(O)C(=O)[O-].[Na+]
CHEMBL1358,FULVESTRANT,C[C@]12CC[C@@H]3c4ccc(O)cc4C[C@@H](CCCCCCCCC[S+]([O-])CCCC(F)(F)C(F)(F)F)[C@H]3[C@@H]1CC[C@@H]2O
CHEMBL1359,ERTAPENEM,C[C@@H](O)[C@H]1C(=O)N2C(C(=O)O)=C(S[C@@H]3CN[C@H](C(=O)Nc4cccc(C(=O)O)c4)C3)[C@H](C)[C@H]12
CHEMBL174,AMPICILLIN,CC1(C)S[C@@H]2[C@H](NC(=O)[C@H](N)c3ccccc3)C(=O)N2[C@H]1C(=O)O
CHEMBL360055,GALLAMINE,CC[N+](CC)(CC)CCOc1cccc(OCC[N+](CC)(CC)CC)c1OCC[N+](CC)(CC)CC
CHEMBL1360,ATRACURIUM,COc1ccc(CC2c3cc(OC)c(OC)cc3CC[N+]2(C)CCC(=O)OCCCCCOC(=O)CC[N+]2(C)CCc3cc(OC)c(OC)cc3C2Cc2ccc(OC)c(OC)c2)cc1OC
CHEMBL185073,PANCURONIUM,CC(=O)O[C@H]1C[C@@H]2CC[C@@H]3[C@H](CC[C@@]4(C)[C@H]3C[C@H]([N+]3(C)CCCCC3)[C@@H]4OC(C)=O)[C@@]2(C)C[C@@H]1[N+]1(C)CCCCC1
CHEMBL1363,ARFORMOTEROL,COc1ccc(C[C@@H](C)NC[C@H](O)c2ccc(O)c(NC=O)c2)cc1
CHEMBL1364,PYRIDOXINE,Cc1ncc(CO)c(CO)c1O
CHEMBL184412,DRONEDARONE,CCCCc1oc2ccc(NS(C)(=O)=O)cc2c1C(=O)c1ccc(OCCCN(CCCC)CCCC)cc1
CHEMBL363295,TERODILINE,CC(CC(c1ccccc1)c1ccccc1)NC(C)(C)C
CHEMBL1368,"SODIUM PHOSPHATE, MONOBASIC",O=P([O-])(O)O.[Na+]
CHEMBL186314,SODIUM CARBONATE,O=C([O-])[O-].[Na+].[Na+]
CHEMBL439849,VILAZODONE,N#Cc1ccc2[nH]cc(CCCCN3CCN(c4ccc5oc(C(N)=O)cc5c4)CC3)c2c1
CHEMBL1370,BUDESONIDE,CCCC1O[C@@H]2C[C@H]3[C@@H]4CCC5=CC(=O)C=C[C@]5(C)[C@H]4[C@@H](O)C[C@]3(C)[C@]2(C(=O)CO)O1
CHEMBL361506,PENTAMIDINE ISETHIONATE,N=C(N)c1ccc(OCCCCCOc2ccc(C(=N)N)cc2)cc1.O=S(=O)(O)CCO.O=S(=O)(O)CCO
CHEMBL188952,PIRPROFEN,CC(C(=O)O)c1ccc(N2CC=CC2)c(Cl)c1
CHEMBL1371,CHLORZOXAZONE,O=c1[nH]c2cc(Cl)ccc2o1
CHEMBL361497,ARTESUNATE,C[C@H]1[C@H](OC(=O)CCC(=O)O)O[C@@H]2O[C@@]3(C)CC[C@H]4[C@H](C)CC[C@@H]1[C@@]24OO3
CHEMBL188921,BUFLOMEDIL,COc1cc(OC)c(C(=O)CCCN2CCCC2)c(OC)c1
CHEMBL187709,TRIPARANOL,CCN(CC)CCOc1ccc(C(O)(Cc2ccc(Cl)cc2)c2ccc(C)cc2)cc1
CHEMBL191083,METHYLENE BLUE CATION,CN(C)c1ccc2nc3ccc(=[N+](C)C)cc-3sc2c1
CHEMBL1372,OXIGLUTATIONE,N[C@@H](CCC(=O)N[C@@H](CSSC[C@H](NC(=O)CC[C@H](N)C(=O)O)C(=O)NCC(=O)O)C(=O)NCC(=O)O)C(=O)O
CHEMBL1373,MODAFINIL,NC(=O)C[S+]([O-])C(c1ccccc1)c1ccccc1
CHEMBL435298,ESFLURBIPROFEN,C[C@H](C(=O)O)c1ccc(-c2ccccc2)c(F)c1
CHEMBL175,DEXIBUPROFEN,CC(C)Cc1ccc([C@H](C)C(=O)O)cc1
CHEMBL190461,CANNABIDIOL,C=C(C)[C@@H]1CCC(C)=C[C@H]1c1c(O)cc(CCCCC)cc1O
CHEMBL189963,PALBOCICLIB,CC(=O)c1c(C)c2cnc(Nc3ccc(N4CCNCC4)cn3)nc2n(C2CCCC2)c1=O
CHEMBL1377,PROGUANIL,CC(C)NC(=N)NC(=N)Nc1ccc(Cl)cc1
CHEMBL1378,THIETHYLPERAZINE,CCSc1ccc2c(c1)N(CCCN1CCN(C)CC1)c1ccccc1S2
CHEMBL193240,ROFLUMILAST,O=C(Nc1c(Cl)cncc1Cl)c1ccc(OC(F)F)c(OCC2CC2)c1
CHEMBL1380,ABACAVIR,Nc1nc(NC2CC2)c2ncn([C@H]3C=C[C@@H](CO)C3)c2n1
CHEMBL1382,TOLTERODINE,Cc1ccc(O)c([C@H](CCN(C(C)C)C(C)C)c2ccccc2)c1
CHEMBL426084,SAMIDORPHAN,NC(=O)c1ccc2c(c1O)[C@]13CCN(CC4CC4)[C@H](C2)[C@]1(O)CCC(=O)C3
CHEMBL370143,PAROMOMYCIN,NC[C@@H]1O[C@H](O[C@H]2[C@@H](O)[C@H](O[C@@H]3[C@@H](O)[C@H](N)C[C@H](N)[C@H]3O[C@H]3O[C@H](CO)[C@@H](O)[C@H](O)[C@H]3N)O[C@@H]2CO)[C@H](N)[C@@H](O)[C@@H]1O
CHEMBL1384,KANAMYCIN,NC[C@H]1O[C@H](O[C@H]2[C@H](O)[C@@H](O[C@H]3O[C@H](CO)[C@@H](O)[C@H](N)[C@H]3O)[C@H](N)C[C@@H]2N)[C@H](O)[C@@H](O)[C@@H]1O
CHEMBL197084,TROFINETIDE,C[C@@]1(C(=O)N[C@@H](CCC(=O)O)C(=O)O)CCCN1C(=O)CN
